-- GENERATED by scripts/import-psgc.mjs — do not edit by hand. Re-run to refresh.
insert into psgc_regions (code,name,region_name,island_group_code) values
  ('010000000','Ilocos Region','Region I','luzon'),
  ('020000000','Cagayan Valley','Region II','luzon'),
  ('030000000','Central Luzon','Region III','luzon'),
  ('040000000','CALABARZON','Region IV-A','luzon'),
  ('170000000','MIMAROPA Region','MIMAROPA Region','luzon'),
  ('050000000','Bicol Region','Region V','luzon'),
  ('060000000','Western Visayas','Region VI','visayas'),
  ('070000000','Central Visayas','Region VII','visayas'),
  ('080000000','Eastern Visayas','Region VIII','visayas'),
  ('090000000','Zamboanga Peninsula','Region IX','mindanao'),
  ('100000000','Northern Mindanao','Region X','mindanao'),
  ('110000000','Davao Region','Region XI','mindanao'),
  ('120000000','SOCCSKSARGEN','Region XII','mindanao'),
  ('130000000','NCR','National Capital Region','luzon'),
  ('140000000','CAR','Cordillera Administrative Region','luzon'),
  ('160000000','Caraga','Region XIII','mindanao'),
  ('150000000','BARMM','Bangsamoro Autonomous Region in Muslim Mindanao','mindanao')
on conflict (code) do update set name=excluded.name, region_name=excluded.region_name, island_group_code=excluded.island_group_code;

insert into psgc_provinces (code,name,region_code,island_group_code) values
  ('012800000','Ilocos Norte','010000000','luzon'),
  ('012900000','Ilocos Sur','010000000','luzon'),
  ('013300000','La Union','010000000','luzon'),
  ('015500000','Pangasinan','010000000','luzon'),
  ('020900000','Batanes','020000000','luzon'),
  ('021500000','Cagayan','020000000','luzon'),
  ('023100000','Isabela','020000000','luzon'),
  ('025000000','Nueva Vizcaya','020000000','luzon'),
  ('025700000','Quirino','020000000','luzon'),
  ('030800000','Bataan','030000000','luzon'),
  ('031400000','Bulacan','030000000','luzon'),
  ('034900000','Nueva Ecija','030000000','luzon'),
  ('035400000','Pampanga','030000000','luzon'),
  ('036900000','Tarlac','030000000','luzon'),
  ('037100000','Zambales','030000000','luzon'),
  ('037700000','Aurora','030000000','luzon'),
  ('041000000','Batangas','040000000','luzon'),
  ('042100000','Cavite','040000000','luzon'),
  ('043400000','Laguna','040000000','luzon'),
  ('045600000','Quezon','040000000','luzon'),
  ('045800000','Rizal','040000000','luzon'),
  ('174000000','Marinduque','170000000','luzon'),
  ('175100000','Occidental Mindoro','170000000','luzon'),
  ('175200000','Oriental Mindoro','170000000','luzon'),
  ('175300000','Palawan','170000000','luzon'),
  ('175900000','Romblon','170000000','luzon'),
  ('050500000','Albay','050000000','luzon'),
  ('051600000','Camarines Norte','050000000','luzon'),
  ('051700000','Camarines Sur','050000000','luzon'),
  ('052000000','Catanduanes','050000000','luzon'),
  ('054100000','Masbate','050000000','luzon'),
  ('056200000','Sorsogon','050000000','luzon'),
  ('060400000','Aklan','060000000','visayas'),
  ('060600000','Antique','060000000','visayas'),
  ('061900000','Capiz','060000000','visayas'),
  ('063000000','Iloilo','060000000','visayas'),
  ('064500000','Negros Occidental','060000000','visayas'),
  ('067900000','Guimaras','060000000','visayas'),
  ('071200000','Bohol','070000000','visayas'),
  ('072200000','Cebu','070000000','visayas'),
  ('074600000','Negros Oriental','070000000','visayas'),
  ('076100000','Siquijor','070000000','visayas'),
  ('082600000','Eastern Samar','080000000','visayas'),
  ('083700000','Leyte','080000000','visayas'),
  ('084800000','Northern Samar','080000000','visayas'),
  ('086000000','Samar','080000000','visayas'),
  ('086400000','Southern Leyte','080000000','visayas'),
  ('087800000','Biliran','080000000','visayas'),
  ('097200000','Zamboanga Del Norte','090000000','mindanao'),
  ('097300000','Zamboanga Del Sur','090000000','mindanao'),
  ('098300000','Zamboanga Sibugay','090000000','mindanao'),
  ('101300000','Bukidnon','100000000','mindanao'),
  ('101800000','Camiguin','100000000','mindanao'),
  ('103500000','Lanao Del Norte','100000000','mindanao'),
  ('104200000','Misamis Occidental','100000000','mindanao'),
  ('104300000','Misamis Oriental','100000000','mindanao'),
  ('112300000','Davao Del Norte','110000000','mindanao'),
  ('112400000','Davao Del Sur','110000000','mindanao'),
  ('112500000','Davao Oriental','110000000','mindanao'),
  ('118200000','Davao De Oro','110000000','mindanao'),
  ('118600000','Davao Occidental','110000000','mindanao'),
  ('124700000','Cotabato','120000000','mindanao'),
  ('126300000','South Cotabato','120000000','mindanao'),
  ('126500000','Sultan Kudarat','120000000','mindanao'),
  ('128000000','Sarangani','120000000','mindanao'),
  ('140100000','Abra','140000000','luzon'),
  ('141100000','Benguet','140000000','luzon'),
  ('142700000','Ifugao','140000000','luzon'),
  ('143200000','Kalinga','140000000','luzon'),
  ('144400000','Mountain Province','140000000','luzon'),
  ('148100000','Apayao','140000000','luzon'),
  ('160200000','Agusan Del Norte','160000000','mindanao'),
  ('160300000','Agusan Del Sur','160000000','mindanao'),
  ('166700000','Surigao Del Norte','160000000','mindanao'),
  ('166800000','Surigao Del Sur','160000000','mindanao'),
  ('168500000','Dinagat Islands','160000000','mindanao'),
  ('150700000','Basilan','150000000','mindanao'),
  ('153600000','Lanao Del Sur','150000000','mindanao'),
  ('153800000','Maguindanao','150000000','mindanao'),
  ('156600000','Sulu','150000000','mindanao'),
  ('157000000','Tawi-Tawi','150000000','mindanao')
on conflict (code) do update set name=excluded.name, region_code=excluded.region_code, island_group_code=excluded.island_group_code;

insert into psgc_cities (code,name,is_city,province_code,region_code,island_group_code) values
  ('012801000','Adams',false,'012800000','010000000','luzon'),
  ('012802000','Bacarra',false,'012800000','010000000','luzon'),
  ('012803000','Badoc',false,'012800000','010000000','luzon'),
  ('012804000','Bangui',false,'012800000','010000000','luzon'),
  ('012805000','City of Batac',true,'012800000','010000000','luzon'),
  ('012806000','Burgos',false,'012800000','010000000','luzon'),
  ('012807000','Carasi',false,'012800000','010000000','luzon'),
  ('012808000','Currimao',false,'012800000','010000000','luzon'),
  ('012809000','Dingras',false,'012800000','010000000','luzon'),
  ('012810000','Dumalneg',false,'012800000','010000000','luzon'),
  ('012811000','Banna',false,'012800000','010000000','luzon'),
  ('012812000','City of Laoag',true,'012800000','010000000','luzon'),
  ('012813000','Marcos',false,'012800000','010000000','luzon'),
  ('012814000','Nueva Era',false,'012800000','010000000','luzon'),
  ('012815000','Pagudpud',false,'012800000','010000000','luzon'),
  ('012816000','Paoay',false,'012800000','010000000','luzon'),
  ('012817000','Pasuquin',false,'012800000','010000000','luzon'),
  ('012818000','Piddig',false,'012800000','010000000','luzon'),
  ('012819000','Pinili',false,'012800000','010000000','luzon'),
  ('012820000','San Nicolas',false,'012800000','010000000','luzon'),
  ('012821000','Sarrat',false,'012800000','010000000','luzon'),
  ('012822000','Solsona',false,'012800000','010000000','luzon'),
  ('012823000','Vintar',false,'012800000','010000000','luzon'),
  ('012901000','Alilem',false,'012900000','010000000','luzon'),
  ('012902000','Banayoyo',false,'012900000','010000000','luzon'),
  ('012903000','Bantay',false,'012900000','010000000','luzon'),
  ('012904000','Burgos',false,'012900000','010000000','luzon'),
  ('012905000','Cabugao',false,'012900000','010000000','luzon'),
  ('012906000','City of Candon',true,'012900000','010000000','luzon'),
  ('012907000','Caoayan',false,'012900000','010000000','luzon'),
  ('012908000','Cervantes',false,'012900000','010000000','luzon'),
  ('012909000','Galimuyod',false,'012900000','010000000','luzon'),
  ('012910000','Gregorio Del Pilar',false,'012900000','010000000','luzon'),
  ('012911000','Lidlidda',false,'012900000','010000000','luzon'),
  ('012912000','Magsingal',false,'012900000','010000000','luzon'),
  ('012913000','Nagbukel',false,'012900000','010000000','luzon'),
  ('012914000','Narvacan',false,'012900000','010000000','luzon'),
  ('012915000','Quirino',false,'012900000','010000000','luzon'),
  ('012916000','Salcedo',false,'012900000','010000000','luzon'),
  ('012917000','San Emilio',false,'012900000','010000000','luzon'),
  ('012918000','San Esteban',false,'012900000','010000000','luzon'),
  ('012919000','San Ildefonso',false,'012900000','010000000','luzon'),
  ('012920000','San Juan',false,'012900000','010000000','luzon'),
  ('012921000','San Vicente',false,'012900000','010000000','luzon'),
  ('012922000','Santa',false,'012900000','010000000','luzon'),
  ('012923000','Santa Catalina',false,'012900000','010000000','luzon'),
  ('012924000','Santa Cruz',false,'012900000','010000000','luzon'),
  ('012925000','Santa Lucia',false,'012900000','010000000','luzon'),
  ('012926000','Santa Maria',false,'012900000','010000000','luzon'),
  ('012927000','Santiago',false,'012900000','010000000','luzon'),
  ('012928000','Santo Domingo',false,'012900000','010000000','luzon'),
  ('012929000','Sigay',false,'012900000','010000000','luzon'),
  ('012930000','Sinait',false,'012900000','010000000','luzon'),
  ('012931000','Sugpon',false,'012900000','010000000','luzon'),
  ('012932000','Suyo',false,'012900000','010000000','luzon'),
  ('012933000','Tagudin',false,'012900000','010000000','luzon'),
  ('012934000','City of Vigan',true,'012900000','010000000','luzon'),
  ('013301000','Agoo',false,'013300000','010000000','luzon'),
  ('013302000','Aringay',false,'013300000','010000000','luzon'),
  ('013303000','Bacnotan',false,'013300000','010000000','luzon'),
  ('013304000','Bagulin',false,'013300000','010000000','luzon'),
  ('013305000','Balaoan',false,'013300000','010000000','luzon'),
  ('013306000','Bangar',false,'013300000','010000000','luzon'),
  ('013307000','Bauang',false,'013300000','010000000','luzon'),
  ('013308000','Burgos',false,'013300000','010000000','luzon'),
  ('013309000','Caba',false,'013300000','010000000','luzon'),
  ('013310000','Luna',false,'013300000','010000000','luzon'),
  ('013311000','Naguilian',false,'013300000','010000000','luzon'),
  ('013312000','Pugo',false,'013300000','010000000','luzon'),
  ('013313000','Rosario',false,'013300000','010000000','luzon'),
  ('013314000','City of San Fernando',true,'013300000','010000000','luzon'),
  ('013315000','San Gabriel',false,'013300000','010000000','luzon'),
  ('013316000','San Juan',false,'013300000','010000000','luzon'),
  ('013317000','Santo Tomas',false,'013300000','010000000','luzon'),
  ('013318000','Santol',false,'013300000','010000000','luzon'),
  ('013319000','Sudipen',false,'013300000','010000000','luzon'),
  ('013320000','Tubao',false,'013300000','010000000','luzon'),
  ('015501000','Agno',false,'015500000','010000000','luzon'),
  ('015502000','Aguilar',false,'015500000','010000000','luzon'),
  ('015503000','City of Alaminos',true,'015500000','010000000','luzon'),
  ('015504000','Alcala',false,'015500000','010000000','luzon'),
  ('015505000','Anda',false,'015500000','010000000','luzon'),
  ('015506000','Asingan',false,'015500000','010000000','luzon'),
  ('015507000','Balungao',false,'015500000','010000000','luzon'),
  ('015508000','Bani',false,'015500000','010000000','luzon'),
  ('015509000','Basista',false,'015500000','010000000','luzon'),
  ('015510000','Bautista',false,'015500000','010000000','luzon'),
  ('015511000','Bayambang',false,'015500000','010000000','luzon'),
  ('015512000','Binalonan',false,'015500000','010000000','luzon'),
  ('015513000','Binmaley',false,'015500000','010000000','luzon'),
  ('015514000','Bolinao',false,'015500000','010000000','luzon'),
  ('015515000','Bugallon',false,'015500000','010000000','luzon'),
  ('015516000','Burgos',false,'015500000','010000000','luzon'),
  ('015517000','Calasiao',false,'015500000','010000000','luzon'),
  ('015518000','City of Dagupan',true,'015500000','010000000','luzon'),
  ('015519000','Dasol',false,'015500000','010000000','luzon'),
  ('015520000','Infanta',false,'015500000','010000000','luzon'),
  ('015521000','Labrador',false,'015500000','010000000','luzon'),
  ('015522000','Lingayen',false,'015500000','010000000','luzon'),
  ('015523000','Mabini',false,'015500000','010000000','luzon'),
  ('015524000','Malasiqui',false,'015500000','010000000','luzon'),
  ('015525000','Manaoag',false,'015500000','010000000','luzon'),
  ('015526000','Mangaldan',false,'015500000','010000000','luzon'),
  ('015527000','Mangatarem',false,'015500000','010000000','luzon'),
  ('015528000','Mapandan',false,'015500000','010000000','luzon'),
  ('015529000','Natividad',false,'015500000','010000000','luzon'),
  ('015530000','Pozorrubio',false,'015500000','010000000','luzon'),
  ('015531000','Rosales',false,'015500000','010000000','luzon'),
  ('015532000','City of San Carlos',true,'015500000','010000000','luzon'),
  ('015533000','San Fabian',false,'015500000','010000000','luzon'),
  ('015534000','San Jacinto',false,'015500000','010000000','luzon'),
  ('015535000','San Manuel',false,'015500000','010000000','luzon'),
  ('015536000','San Nicolas',false,'015500000','010000000','luzon'),
  ('015537000','San Quintin',false,'015500000','010000000','luzon'),
  ('015538000','Santa Barbara',false,'015500000','010000000','luzon'),
  ('015539000','Santa Maria',false,'015500000','010000000','luzon'),
  ('015540000','Santo Tomas',false,'015500000','010000000','luzon'),
  ('015541000','Sison',false,'015500000','010000000','luzon'),
  ('015542000','Sual',false,'015500000','010000000','luzon'),
  ('015543000','Tayug',false,'015500000','010000000','luzon'),
  ('015544000','Umingan',false,'015500000','010000000','luzon'),
  ('015545000','Urbiztondo',false,'015500000','010000000','luzon'),
  ('015546000','City of Urdaneta',true,'015500000','010000000','luzon'),
  ('015547000','Villasis',false,'015500000','010000000','luzon'),
  ('015548000','Laoac',false,'015500000','010000000','luzon'),
  ('020901000','Basco',false,'020900000','020000000','luzon'),
  ('020902000','Itbayat',false,'020900000','020000000','luzon'),
  ('020903000','Ivana',false,'020900000','020000000','luzon'),
  ('020904000','Mahatao',false,'020900000','020000000','luzon'),
  ('020905000','Sabtang',false,'020900000','020000000','luzon'),
  ('020906000','Uyugan',false,'020900000','020000000','luzon'),
  ('021501000','Abulug',false,'021500000','020000000','luzon'),
  ('021502000','Alcala',false,'021500000','020000000','luzon'),
  ('021503000','Allacapan',false,'021500000','020000000','luzon'),
  ('021504000','Amulung',false,'021500000','020000000','luzon'),
  ('021505000','Aparri',false,'021500000','020000000','luzon'),
  ('021506000','Baggao',false,'021500000','020000000','luzon'),
  ('021507000','Ballesteros',false,'021500000','020000000','luzon'),
  ('021508000','Buguey',false,'021500000','020000000','luzon'),
  ('021509000','Calayan',false,'021500000','020000000','luzon'),
  ('021510000','Camalaniugan',false,'021500000','020000000','luzon'),
  ('021511000','Claveria',false,'021500000','020000000','luzon'),
  ('021512000','Enrile',false,'021500000','020000000','luzon'),
  ('021513000','Gattaran',false,'021500000','020000000','luzon'),
  ('021514000','Gonzaga',false,'021500000','020000000','luzon'),
  ('021515000','Iguig',false,'021500000','020000000','luzon'),
  ('021516000','Lal-Lo',false,'021500000','020000000','luzon'),
  ('021517000','Lasam',false,'021500000','020000000','luzon'),
  ('021518000','Pamplona',false,'021500000','020000000','luzon'),
  ('021519000','Peñablanca',false,'021500000','020000000','luzon'),
  ('021520000','Piat',false,'021500000','020000000','luzon'),
  ('021521000','Rizal',false,'021500000','020000000','luzon'),
  ('021522000','Sanchez-Mira',false,'021500000','020000000','luzon'),
  ('021523000','Santa Ana',false,'021500000','020000000','luzon'),
  ('021524000','Santa Praxedes',false,'021500000','020000000','luzon'),
  ('021525000','Santa Teresita',false,'021500000','020000000','luzon'),
  ('021526000','Santo Niño',false,'021500000','020000000','luzon'),
  ('021527000','Solana',false,'021500000','020000000','luzon'),
  ('021528000','Tuao',false,'021500000','020000000','luzon'),
  ('021529000','Tuguegarao City',true,'021500000','020000000','luzon'),
  ('023101000','Alicia',false,'023100000','020000000','luzon'),
  ('023102000','Angadanan',false,'023100000','020000000','luzon'),
  ('023103000','Aurora',false,'023100000','020000000','luzon'),
  ('023104000','Benito Soliven',false,'023100000','020000000','luzon'),
  ('023105000','Burgos',false,'023100000','020000000','luzon'),
  ('023106000','Cabagan',false,'023100000','020000000','luzon'),
  ('023107000','Cabatuan',false,'023100000','020000000','luzon'),
  ('023108000','City of Cauayan',true,'023100000','020000000','luzon'),
  ('023109000','Cordon',false,'023100000','020000000','luzon'),
  ('023110000','Dinapigue',false,'023100000','020000000','luzon'),
  ('023111000','Divilacan',false,'023100000','020000000','luzon'),
  ('023112000','Echague',false,'023100000','020000000','luzon'),
  ('023113000','Gamu',false,'023100000','020000000','luzon'),
  ('023114000','City of Ilagan',true,'023100000','020000000','luzon'),
  ('023115000','Jones',false,'023100000','020000000','luzon'),
  ('023116000','Luna',false,'023100000','020000000','luzon'),
  ('023117000','Maconacon',false,'023100000','020000000','luzon'),
  ('023118000','Delfin Albano',false,'023100000','020000000','luzon'),
  ('023119000','Mallig',false,'023100000','020000000','luzon'),
  ('023120000','Naguilian',false,'023100000','020000000','luzon'),
  ('023121000','Palanan',false,'023100000','020000000','luzon'),
  ('023122000','Quezon',false,'023100000','020000000','luzon'),
  ('023123000','Quirino',false,'023100000','020000000','luzon'),
  ('023124000','Ramon',false,'023100000','020000000','luzon'),
  ('023125000','Reina Mercedes',false,'023100000','020000000','luzon'),
  ('023126000','Roxas',false,'023100000','020000000','luzon'),
  ('023127000','San Agustin',false,'023100000','020000000','luzon'),
  ('023128000','San Guillermo',false,'023100000','020000000','luzon'),
  ('023129000','San Isidro',false,'023100000','020000000','luzon'),
  ('023130000','San Manuel',false,'023100000','020000000','luzon'),
  ('023131000','San Mariano',false,'023100000','020000000','luzon'),
  ('023132000','San Mateo',false,'023100000','020000000','luzon'),
  ('023133000','San Pablo',false,'023100000','020000000','luzon'),
  ('023134000','Santa Maria',false,'023100000','020000000','luzon'),
  ('023135000','City of Santiago',true,'023100000','020000000','luzon'),
  ('023136000','Santo Tomas',false,'023100000','020000000','luzon'),
  ('023137000','Tumauini',false,'023100000','020000000','luzon'),
  ('025001000','Ambaguio',false,'025000000','020000000','luzon'),
  ('025002000','Aritao',false,'025000000','020000000','luzon'),
  ('025003000','Bagabag',false,'025000000','020000000','luzon'),
  ('025004000','Bambang',false,'025000000','020000000','luzon'),
  ('025005000','Bayombong',false,'025000000','020000000','luzon'),
  ('025006000','Diadi',false,'025000000','020000000','luzon'),
  ('025007000','Dupax Del Norte',false,'025000000','020000000','luzon'),
  ('025008000','Dupax Del Sur',false,'025000000','020000000','luzon'),
  ('025009000','Kasibu',false,'025000000','020000000','luzon'),
  ('025010000','Kayapa',false,'025000000','020000000','luzon'),
  ('025011000','Quezon',false,'025000000','020000000','luzon'),
  ('025012000','Santa Fe',false,'025000000','020000000','luzon'),
  ('025013000','Solano',false,'025000000','020000000','luzon'),
  ('025014000','Villaverde',false,'025000000','020000000','luzon'),
  ('025015000','Alfonso Castaneda',false,'025000000','020000000','luzon'),
  ('025701000','Aglipay',false,'025700000','020000000','luzon'),
  ('025702000','Cabarroguis',false,'025700000','020000000','luzon'),
  ('025703000','Diffun',false,'025700000','020000000','luzon'),
  ('025704000','Maddela',false,'025700000','020000000','luzon'),
  ('025705000','Saguday',false,'025700000','020000000','luzon'),
  ('025706000','Nagtipunan',false,'025700000','020000000','luzon'),
  ('030801000','Abucay',false,'030800000','030000000','luzon'),
  ('030802000','Bagac',false,'030800000','030000000','luzon'),
  ('030803000','City of Balanga',true,'030800000','030000000','luzon'),
  ('030804000','Dinalupihan',false,'030800000','030000000','luzon'),
  ('030805000','Hermosa',false,'030800000','030000000','luzon'),
  ('030806000','Limay',false,'030800000','030000000','luzon'),
  ('030807000','Mariveles',false,'030800000','030000000','luzon'),
  ('030808000','Morong',false,'030800000','030000000','luzon'),
  ('030809000','Orani',false,'030800000','030000000','luzon'),
  ('030810000','Orion',false,'030800000','030000000','luzon'),
  ('030811000','Pilar',false,'030800000','030000000','luzon'),
  ('030812000','Samal',false,'030800000','030000000','luzon'),
  ('031401000','Angat',false,'031400000','030000000','luzon'),
  ('031402000','Balagtas',false,'031400000','030000000','luzon'),
  ('031403000','Baliuag',false,'031400000','030000000','luzon'),
  ('031404000','Bocaue',false,'031400000','030000000','luzon'),
  ('031405000','Bulacan',false,'031400000','030000000','luzon'),
  ('031406000','Bustos',false,'031400000','030000000','luzon'),
  ('031407000','Calumpit',false,'031400000','030000000','luzon'),
  ('031408000','Guiguinto',false,'031400000','030000000','luzon'),
  ('031409000','Hagonoy',false,'031400000','030000000','luzon'),
  ('031410000','City of Malolos',true,'031400000','030000000','luzon'),
  ('031411000','Marilao',false,'031400000','030000000','luzon'),
  ('031412000','City of Meycauayan',true,'031400000','030000000','luzon'),
  ('031413000','Norzagaray',false,'031400000','030000000','luzon'),
  ('031414000','Obando',false,'031400000','030000000','luzon'),
  ('031415000','Pandi',false,'031400000','030000000','luzon'),
  ('031416000','Paombong',false,'031400000','030000000','luzon'),
  ('031417000','Plaridel',false,'031400000','030000000','luzon'),
  ('031418000','Pulilan',false,'031400000','030000000','luzon'),
  ('031419000','San Ildefonso',false,'031400000','030000000','luzon'),
  ('031420000','City of San Jose Del Monte',true,'031400000','030000000','luzon'),
  ('031421000','San Miguel',false,'031400000','030000000','luzon'),
  ('031422000','San Rafael',false,'031400000','030000000','luzon'),
  ('031423000','Santa Maria',false,'031400000','030000000','luzon'),
  ('031424000','Doña Remedios Trinidad',false,'031400000','030000000','luzon'),
  ('034901000','Aliaga',false,'034900000','030000000','luzon'),
  ('034902000','Bongabon',false,'034900000','030000000','luzon'),
  ('034903000','City of Cabanatuan',true,'034900000','030000000','luzon'),
  ('034904000','Cabiao',false,'034900000','030000000','luzon'),
  ('034905000','Carranglan',false,'034900000','030000000','luzon'),
  ('034906000','Cuyapo',false,'034900000','030000000','luzon'),
  ('034907000','Gabaldon',false,'034900000','030000000','luzon'),
  ('034908000','City of Gapan',true,'034900000','030000000','luzon'),
  ('034909000','General Mamerto Natividad',false,'034900000','030000000','luzon'),
  ('034910000','General Tinio',false,'034900000','030000000','luzon'),
  ('034911000','Guimba',false,'034900000','030000000','luzon'),
  ('034912000','Jaen',false,'034900000','030000000','luzon'),
  ('034913000','Laur',false,'034900000','030000000','luzon'),
  ('034914000','Licab',false,'034900000','030000000','luzon'),
  ('034915000','Llanera',false,'034900000','030000000','luzon'),
  ('034916000','Lupao',false,'034900000','030000000','luzon'),
  ('034917000','Science City of Muñoz',true,'034900000','030000000','luzon'),
  ('034918000','Nampicuan',false,'034900000','030000000','luzon'),
  ('034919000','City of Palayan',true,'034900000','030000000','luzon'),
  ('034920000','Pantabangan',false,'034900000','030000000','luzon'),
  ('034921000','Peñaranda',false,'034900000','030000000','luzon'),
  ('034922000','Quezon',false,'034900000','030000000','luzon'),
  ('034923000','Rizal',false,'034900000','030000000','luzon'),
  ('034924000','San Antonio',false,'034900000','030000000','luzon'),
  ('034925000','San Isidro',false,'034900000','030000000','luzon'),
  ('034926000','San Jose City',true,'034900000','030000000','luzon'),
  ('034927000','San Leonardo',false,'034900000','030000000','luzon'),
  ('034928000','Santa Rosa',false,'034900000','030000000','luzon'),
  ('034929000','Santo Domingo',false,'034900000','030000000','luzon'),
  ('034930000','Talavera',false,'034900000','030000000','luzon'),
  ('034931000','Talugtug',false,'034900000','030000000','luzon'),
  ('034932000','Zaragoza',false,'034900000','030000000','luzon'),
  ('035401000','City of Angeles',true,'035400000','030000000','luzon'),
  ('035402000','Apalit',false,'035400000','030000000','luzon'),
  ('035403000','Arayat',false,'035400000','030000000','luzon'),
  ('035404000','Bacolor',false,'035400000','030000000','luzon'),
  ('035405000','Candaba',false,'035400000','030000000','luzon'),
  ('035406000','Floridablanca',false,'035400000','030000000','luzon'),
  ('035407000','Guagua',false,'035400000','030000000','luzon'),
  ('035408000','Lubao',false,'035400000','030000000','luzon'),
  ('035409000','Mabalacat City',true,'035400000','030000000','luzon'),
  ('035410000','Macabebe',false,'035400000','030000000','luzon'),
  ('035411000','Magalang',false,'035400000','030000000','luzon'),
  ('035412000','Masantol',false,'035400000','030000000','luzon'),
  ('035413000','Mexico',false,'035400000','030000000','luzon'),
  ('035414000','Minalin',false,'035400000','030000000','luzon'),
  ('035415000','Porac',false,'035400000','030000000','luzon'),
  ('035416000','City of San Fernando',true,'035400000','030000000','luzon'),
  ('035417000','San Luis',false,'035400000','030000000','luzon'),
  ('035418000','San Simon',false,'035400000','030000000','luzon'),
  ('035419000','Santa Ana',false,'035400000','030000000','luzon'),
  ('035420000','Santa Rita',false,'035400000','030000000','luzon'),
  ('035421000','Sto. Tomas',false,'035400000','030000000','luzon'),
  ('035422000','Sasmuan',false,'035400000','030000000','luzon'),
  ('036901000','Anao',false,'036900000','030000000','luzon'),
  ('036902000','Bamban',false,'036900000','030000000','luzon'),
  ('036903000','Camiling',false,'036900000','030000000','luzon'),
  ('036904000','Capas',false,'036900000','030000000','luzon'),
  ('036905000','Concepcion',false,'036900000','030000000','luzon'),
  ('036906000','Gerona',false,'036900000','030000000','luzon'),
  ('036907000','La Paz',false,'036900000','030000000','luzon'),
  ('036908000','Mayantoc',false,'036900000','030000000','luzon'),
  ('036909000','Moncada',false,'036900000','030000000','luzon'),
  ('036910000','Paniqui',false,'036900000','030000000','luzon'),
  ('036911000','Pura',false,'036900000','030000000','luzon'),
  ('036912000','Ramos',false,'036900000','030000000','luzon'),
  ('036913000','San Clemente',false,'036900000','030000000','luzon'),
  ('036914000','San Manuel',false,'036900000','030000000','luzon'),
  ('036915000','Santa Ignacia',false,'036900000','030000000','luzon'),
  ('036916000','City of Tarlac',true,'036900000','030000000','luzon'),
  ('036917000','Victoria',false,'036900000','030000000','luzon'),
  ('036918000','San Jose',false,'036900000','030000000','luzon'),
  ('037101000','Botolan',false,'037100000','030000000','luzon'),
  ('037102000','Cabangan',false,'037100000','030000000','luzon'),
  ('037103000','Candelaria',false,'037100000','030000000','luzon'),
  ('037104000','Castillejos',false,'037100000','030000000','luzon'),
  ('037105000','Iba',false,'037100000','030000000','luzon'),
  ('037106000','Masinloc',false,'037100000','030000000','luzon'),
  ('037107000','City of Olongapo',true,'037100000','030000000','luzon'),
  ('037108000','Palauig',false,'037100000','030000000','luzon'),
  ('037109000','San Antonio',false,'037100000','030000000','luzon'),
  ('037110000','San Felipe',false,'037100000','030000000','luzon'),
  ('037111000','San Marcelino',false,'037100000','030000000','luzon'),
  ('037112000','San Narciso',false,'037100000','030000000','luzon'),
  ('037113000','Santa Cruz',false,'037100000','030000000','luzon'),
  ('037114000','Subic',false,'037100000','030000000','luzon'),
  ('037701000','Baler',false,'037700000','030000000','luzon'),
  ('037702000','Casiguran',false,'037700000','030000000','luzon'),
  ('037703000','Dilasag',false,'037700000','030000000','luzon'),
  ('037704000','Dinalungan',false,'037700000','030000000','luzon'),
  ('037705000','Dingalan',false,'037700000','030000000','luzon'),
  ('037706000','Dipaculao',false,'037700000','030000000','luzon'),
  ('037707000','Maria Aurora',false,'037700000','030000000','luzon'),
  ('037708000','San Luis',false,'037700000','030000000','luzon'),
  ('041001000','Agoncillo',false,'041000000','040000000','luzon'),
  ('041002000','Alitagtag',false,'041000000','040000000','luzon'),
  ('041003000','Balayan',false,'041000000','040000000','luzon'),
  ('041004000','Balete',false,'041000000','040000000','luzon'),
  ('041005000','Batangas City',true,'041000000','040000000','luzon'),
  ('041006000','Bauan',false,'041000000','040000000','luzon'),
  ('041007000','Calaca',false,'041000000','040000000','luzon'),
  ('041008000','Calatagan',false,'041000000','040000000','luzon'),
  ('041009000','Cuenca',false,'041000000','040000000','luzon'),
  ('041010000','Ibaan',false,'041000000','040000000','luzon'),
  ('041011000','Laurel',false,'041000000','040000000','luzon'),
  ('041012000','Lemery',false,'041000000','040000000','luzon'),
  ('041013000','Lian',false,'041000000','040000000','luzon'),
  ('041014000','City of Lipa',true,'041000000','040000000','luzon'),
  ('041015000','Lobo',false,'041000000','040000000','luzon'),
  ('041016000','Mabini',false,'041000000','040000000','luzon'),
  ('041017000','Malvar',false,'041000000','040000000','luzon'),
  ('041018000','Mataasnakahoy',false,'041000000','040000000','luzon'),
  ('041019000','Nasugbu',false,'041000000','040000000','luzon'),
  ('041020000','Padre Garcia',false,'041000000','040000000','luzon'),
  ('041021000','Rosario',false,'041000000','040000000','luzon'),
  ('041022000','San Jose',false,'041000000','040000000','luzon'),
  ('041023000','San Juan',false,'041000000','040000000','luzon'),
  ('041024000','San Luis',false,'041000000','040000000','luzon'),
  ('041025000','San Nicolas',false,'041000000','040000000','luzon'),
  ('041026000','San Pascual',false,'041000000','040000000','luzon'),
  ('041027000','Santa Teresita',false,'041000000','040000000','luzon'),
  ('041028000','City of Sto. Tomas',true,'041000000','040000000','luzon'),
  ('041029000','Taal',false,'041000000','040000000','luzon'),
  ('041030000','Talisay',false,'041000000','040000000','luzon'),
  ('041031000','City of Tanauan',true,'041000000','040000000','luzon'),
  ('041032000','Taysan',false,'041000000','040000000','luzon'),
  ('041033000','Tingloy',false,'041000000','040000000','luzon'),
  ('041034000','Tuy',false,'041000000','040000000','luzon'),
  ('042101000','Alfonso',false,'042100000','040000000','luzon'),
  ('042102000','Amadeo',false,'042100000','040000000','luzon'),
  ('042103000','City of Bacoor',true,'042100000','040000000','luzon'),
  ('042104000','Carmona',false,'042100000','040000000','luzon'),
  ('042105000','City of Cavite',true,'042100000','040000000','luzon'),
  ('042106000','City of Dasmariñas',true,'042100000','040000000','luzon'),
  ('042107000','General Emilio Aguinaldo',false,'042100000','040000000','luzon'),
  ('042108000','City of General Trias',true,'042100000','040000000','luzon'),
  ('042109000','City of Imus',true,'042100000','040000000','luzon'),
  ('042110000','Indang',false,'042100000','040000000','luzon'),
  ('042111000','Kawit',false,'042100000','040000000','luzon'),
  ('042112000','Magallanes',false,'042100000','040000000','luzon'),
  ('042113000','Maragondon',false,'042100000','040000000','luzon'),
  ('042114000','Mendez',false,'042100000','040000000','luzon'),
  ('042115000','Naic',false,'042100000','040000000','luzon'),
  ('042116000','Noveleta',false,'042100000','040000000','luzon'),
  ('042117000','Rosario',false,'042100000','040000000','luzon'),
  ('042118000','Silang',false,'042100000','040000000','luzon'),
  ('042119000','City of Tagaytay',true,'042100000','040000000','luzon'),
  ('042120000','Tanza',false,'042100000','040000000','luzon'),
  ('042121000','Ternate',false,'042100000','040000000','luzon'),
  ('042122000','City of Trece Martires',true,'042100000','040000000','luzon'),
  ('042123000','Gen. Mariano Alvarez',false,'042100000','040000000','luzon'),
  ('043401000','Alaminos',false,'043400000','040000000','luzon'),
  ('043402000','Bay',false,'043400000','040000000','luzon'),
  ('043403000','City of Biñan',true,'043400000','040000000','luzon'),
  ('043404000','City of Cabuyao',true,'043400000','040000000','luzon'),
  ('043405000','City of Calamba',true,'043400000','040000000','luzon'),
  ('043406000','Calauan',false,'043400000','040000000','luzon'),
  ('043407000','Cavinti',false,'043400000','040000000','luzon'),
  ('043408000','Famy',false,'043400000','040000000','luzon'),
  ('043409000','Kalayaan',false,'043400000','040000000','luzon'),
  ('043410000','Liliw',false,'043400000','040000000','luzon'),
  ('043411000','Los Baños',false,'043400000','040000000','luzon'),
  ('043412000','Luisiana',false,'043400000','040000000','luzon'),
  ('043413000','Lumban',false,'043400000','040000000','luzon'),
  ('043414000','Mabitac',false,'043400000','040000000','luzon'),
  ('043415000','Magdalena',false,'043400000','040000000','luzon'),
  ('043416000','Majayjay',false,'043400000','040000000','luzon'),
  ('043417000','Nagcarlan',false,'043400000','040000000','luzon'),
  ('043418000','Paete',false,'043400000','040000000','luzon'),
  ('043419000','Pagsanjan',false,'043400000','040000000','luzon'),
  ('043420000','Pakil',false,'043400000','040000000','luzon'),
  ('043421000','Pangil',false,'043400000','040000000','luzon'),
  ('043422000','Pila',false,'043400000','040000000','luzon'),
  ('043423000','Rizal',false,'043400000','040000000','luzon'),
  ('043424000','City of San Pablo',true,'043400000','040000000','luzon'),
  ('043425000','City of San Pedro',true,'043400000','040000000','luzon'),
  ('043426000','Santa Cruz',false,'043400000','040000000','luzon'),
  ('043427000','Santa Maria',false,'043400000','040000000','luzon'),
  ('043428000','City of Santa Rosa',true,'043400000','040000000','luzon'),
  ('043429000','Siniloan',false,'043400000','040000000','luzon'),
  ('043430000','Victoria',false,'043400000','040000000','luzon'),
  ('045601000','Agdangan',false,'045600000','040000000','luzon'),
  ('045602000','Alabat',false,'045600000','040000000','luzon'),
  ('045603000','Atimonan',false,'045600000','040000000','luzon'),
  ('045605000','Buenavista',false,'045600000','040000000','luzon'),
  ('045606000','Burdeos',false,'045600000','040000000','luzon'),
  ('045607000','Calauag',false,'045600000','040000000','luzon'),
  ('045608000','Candelaria',false,'045600000','040000000','luzon'),
  ('045610000','Catanauan',false,'045600000','040000000','luzon'),
  ('045615000','Dolores',false,'045600000','040000000','luzon'),
  ('045616000','General Luna',false,'045600000','040000000','luzon'),
  ('045617000','General Nakar',false,'045600000','040000000','luzon'),
  ('045618000','Guinayangan',false,'045600000','040000000','luzon'),
  ('045619000','Gumaca',false,'045600000','040000000','luzon'),
  ('045620000','Infanta',false,'045600000','040000000','luzon'),
  ('045621000','Jomalig',false,'045600000','040000000','luzon'),
  ('045622000','Lopez',false,'045600000','040000000','luzon'),
  ('045623000','Lucban',false,'045600000','040000000','luzon'),
  ('045624000','City of Lucena',true,'045600000','040000000','luzon'),
  ('045625000','Macalelon',false,'045600000','040000000','luzon'),
  ('045627000','Mauban',false,'045600000','040000000','luzon'),
  ('045628000','Mulanay',false,'045600000','040000000','luzon'),
  ('045629000','Padre Burgos',false,'045600000','040000000','luzon'),
  ('045630000','Pagbilao',false,'045600000','040000000','luzon'),
  ('045631000','Panukulan',false,'045600000','040000000','luzon'),
  ('045632000','Patnanungan',false,'045600000','040000000','luzon'),
  ('045633000','Perez',false,'045600000','040000000','luzon'),
  ('045634000','Pitogo',false,'045600000','040000000','luzon'),
  ('045635000','Plaridel',false,'045600000','040000000','luzon'),
  ('045636000','Polillo',false,'045600000','040000000','luzon'),
  ('045637000','Quezon',false,'045600000','040000000','luzon'),
  ('045638000','Real',false,'045600000','040000000','luzon'),
  ('045639000','Sampaloc',false,'045600000','040000000','luzon'),
  ('045640000','San Andres',false,'045600000','040000000','luzon'),
  ('045641000','San Antonio',false,'045600000','040000000','luzon'),
  ('045642000','San Francisco',false,'045600000','040000000','luzon'),
  ('045644000','San Narciso',false,'045600000','040000000','luzon'),
  ('045645000','Sariaya',false,'045600000','040000000','luzon'),
  ('045646000','Tagkawayan',false,'045600000','040000000','luzon'),
  ('045647000','City of Tayabas',true,'045600000','040000000','luzon'),
  ('045648000','Tiaong',false,'045600000','040000000','luzon'),
  ('045649000','Unisan',false,'045600000','040000000','luzon'),
  ('045801000','Angono',false,'045800000','040000000','luzon'),
  ('045802000','City of Antipolo',true,'045800000','040000000','luzon'),
  ('045803000','Baras',false,'045800000','040000000','luzon'),
  ('045804000','Binangonan',false,'045800000','040000000','luzon'),
  ('045805000','Cainta',false,'045800000','040000000','luzon'),
  ('045806000','Cardona',false,'045800000','040000000','luzon'),
  ('045807000','Jala-Jala',false,'045800000','040000000','luzon'),
  ('045808000','Rodriguez',false,'045800000','040000000','luzon'),
  ('045809000','Morong',false,'045800000','040000000','luzon'),
  ('045810000','Pililla',false,'045800000','040000000','luzon'),
  ('045811000','San Mateo',false,'045800000','040000000','luzon'),
  ('045812000','Tanay',false,'045800000','040000000','luzon'),
  ('045813000','Taytay',false,'045800000','040000000','luzon'),
  ('045814000','Teresa',false,'045800000','040000000','luzon'),
  ('174001000','Boac',false,'174000000','170000000','luzon'),
  ('174002000','Buenavista',false,'174000000','170000000','luzon'),
  ('174003000','Gasan',false,'174000000','170000000','luzon'),
  ('174004000','Mogpog',false,'174000000','170000000','luzon'),
  ('174005000','Santa Cruz',false,'174000000','170000000','luzon'),
  ('174006000','Torrijos',false,'174000000','170000000','luzon'),
  ('175101000','Abra De Ilog',false,'175100000','170000000','luzon'),
  ('175102000','Calintaan',false,'175100000','170000000','luzon'),
  ('175103000','Looc',false,'175100000','170000000','luzon'),
  ('175104000','Lubang',false,'175100000','170000000','luzon'),
  ('175105000','Magsaysay',false,'175100000','170000000','luzon'),
  ('175106000','Mamburao',false,'175100000','170000000','luzon'),
  ('175107000','Paluan',false,'175100000','170000000','luzon'),
  ('175108000','Rizal',false,'175100000','170000000','luzon'),
  ('175109000','Sablayan',false,'175100000','170000000','luzon'),
  ('175110000','San Jose',false,'175100000','170000000','luzon'),
  ('175111000','Santa Cruz',false,'175100000','170000000','luzon'),
  ('175201000','Baco',false,'175200000','170000000','luzon'),
  ('175202000','Bansud',false,'175200000','170000000','luzon'),
  ('175203000','Bongabong',false,'175200000','170000000','luzon'),
  ('175204000','Bulalacao',false,'175200000','170000000','luzon'),
  ('175205000','City of Calapan',true,'175200000','170000000','luzon'),
  ('175206000','Gloria',false,'175200000','170000000','luzon'),
  ('175207000','Mansalay',false,'175200000','170000000','luzon'),
  ('175208000','Naujan',false,'175200000','170000000','luzon'),
  ('175209000','Pinamalayan',false,'175200000','170000000','luzon'),
  ('175210000','Pola',false,'175200000','170000000','luzon'),
  ('175211000','Puerto Galera',false,'175200000','170000000','luzon'),
  ('175212000','Roxas',false,'175200000','170000000','luzon'),
  ('175213000','San Teodoro',false,'175200000','170000000','luzon'),
  ('175214000','Socorro',false,'175200000','170000000','luzon'),
  ('175215000','Victoria',false,'175200000','170000000','luzon'),
  ('175301000','Aborlan',false,'175300000','170000000','luzon'),
  ('175302000','Agutaya',false,'175300000','170000000','luzon'),
  ('175303000','Araceli',false,'175300000','170000000','luzon'),
  ('175304000','Balabac',false,'175300000','170000000','luzon'),
  ('175305000','Bataraza',false,'175300000','170000000','luzon'),
  ('175306000','Brooke''s Point',false,'175300000','170000000','luzon'),
  ('175307000','Busuanga',false,'175300000','170000000','luzon'),
  ('175308000','Cagayancillo',false,'175300000','170000000','luzon'),
  ('175309000','Coron',false,'175300000','170000000','luzon'),
  ('175310000','Cuyo',false,'175300000','170000000','luzon'),
  ('175311000','Dumaran',false,'175300000','170000000','luzon'),
  ('175312000','El Nido',false,'175300000','170000000','luzon'),
  ('175313000','Linapacan',false,'175300000','170000000','luzon'),
  ('175314000','Magsaysay',false,'175300000','170000000','luzon'),
  ('175315000','Narra',false,'175300000','170000000','luzon'),
  ('175316000','City of Puerto Princesa',true,'175300000','170000000','luzon'),
  ('175317000','Quezon',false,'175300000','170000000','luzon'),
  ('175318000','Roxas',false,'175300000','170000000','luzon'),
  ('175319000','San Vicente',false,'175300000','170000000','luzon'),
  ('175320000','Taytay',false,'175300000','170000000','luzon'),
  ('175321000','Kalayaan',false,'175300000','170000000','luzon'),
  ('175322000','Culion',false,'175300000','170000000','luzon'),
  ('175323000','Rizal',false,'175300000','170000000','luzon'),
  ('175324000','Sofronio Española',false,'175300000','170000000','luzon'),
  ('175901000','Alcantara',false,'175900000','170000000','luzon'),
  ('175902000','Banton',false,'175900000','170000000','luzon'),
  ('175903000','Cajidiocan',false,'175900000','170000000','luzon'),
  ('175904000','Calatrava',false,'175900000','170000000','luzon'),
  ('175905000','Concepcion',false,'175900000','170000000','luzon'),
  ('175906000','Corcuera',false,'175900000','170000000','luzon'),
  ('175907000','Looc',false,'175900000','170000000','luzon'),
  ('175908000','Magdiwang',false,'175900000','170000000','luzon'),
  ('175909000','Odiongan',false,'175900000','170000000','luzon'),
  ('175910000','Romblon',false,'175900000','170000000','luzon'),
  ('175911000','San Agustin',false,'175900000','170000000','luzon'),
  ('175912000','San Andres',false,'175900000','170000000','luzon'),
  ('175913000','San Fernando',false,'175900000','170000000','luzon'),
  ('175914000','San Jose',false,'175900000','170000000','luzon'),
  ('175915000','Santa Fe',false,'175900000','170000000','luzon'),
  ('175916000','Ferrol',false,'175900000','170000000','luzon'),
  ('175917000','Santa Maria',false,'175900000','170000000','luzon'),
  ('050501000','Bacacay',false,'050500000','050000000','luzon'),
  ('050502000','Camalig',false,'050500000','050000000','luzon'),
  ('050503000','Daraga',false,'050500000','050000000','luzon'),
  ('050504000','Guinobatan',false,'050500000','050000000','luzon'),
  ('050505000','Jovellar',false,'050500000','050000000','luzon'),
  ('050506000','City of Legazpi',true,'050500000','050000000','luzon'),
  ('050507000','Libon',false,'050500000','050000000','luzon'),
  ('050508000','City of Ligao',true,'050500000','050000000','luzon'),
  ('050509000','Malilipot',false,'050500000','050000000','luzon'),
  ('050510000','Malinao',false,'050500000','050000000','luzon'),
  ('050511000','Manito',false,'050500000','050000000','luzon'),
  ('050512000','Oas',false,'050500000','050000000','luzon'),
  ('050513000','Pio Duran',false,'050500000','050000000','luzon'),
  ('050514000','Polangui',false,'050500000','050000000','luzon'),
  ('050515000','Rapu-Rapu',false,'050500000','050000000','luzon'),
  ('050516000','Santo Domingo',false,'050500000','050000000','luzon'),
  ('050517000','City of Tabaco',true,'050500000','050000000','luzon'),
  ('050518000','Tiwi',false,'050500000','050000000','luzon'),
  ('051601000','Basud',false,'051600000','050000000','luzon'),
  ('051602000','Capalonga',false,'051600000','050000000','luzon'),
  ('051603000','Daet',false,'051600000','050000000','luzon'),
  ('051604000','San Lorenzo Ruiz',false,'051600000','050000000','luzon'),
  ('051605000','Jose Panganiban',false,'051600000','050000000','luzon'),
  ('051606000','Labo',false,'051600000','050000000','luzon'),
  ('051607000','Mercedes',false,'051600000','050000000','luzon'),
  ('051608000','Paracale',false,'051600000','050000000','luzon'),
  ('051609000','San Vicente',false,'051600000','050000000','luzon'),
  ('051610000','Santa Elena',false,'051600000','050000000','luzon'),
  ('051611000','Talisay',false,'051600000','050000000','luzon'),
  ('051612000','Vinzons',false,'051600000','050000000','luzon'),
  ('051701000','Baao',false,'051700000','050000000','luzon'),
  ('051702000','Balatan',false,'051700000','050000000','luzon'),
  ('051703000','Bato',false,'051700000','050000000','luzon'),
  ('051704000','Bombon',false,'051700000','050000000','luzon'),
  ('051705000','Buhi',false,'051700000','050000000','luzon'),
  ('051706000','Bula',false,'051700000','050000000','luzon'),
  ('051707000','Cabusao',false,'051700000','050000000','luzon'),
  ('051708000','Calabanga',false,'051700000','050000000','luzon'),
  ('051709000','Camaligan',false,'051700000','050000000','luzon'),
  ('051710000','Canaman',false,'051700000','050000000','luzon'),
  ('051711000','Caramoan',false,'051700000','050000000','luzon'),
  ('051712000','Del Gallego',false,'051700000','050000000','luzon'),
  ('051713000','Gainza',false,'051700000','050000000','luzon'),
  ('051714000','Garchitorena',false,'051700000','050000000','luzon'),
  ('051715000','Goa',false,'051700000','050000000','luzon'),
  ('051716000','City of Iriga',true,'051700000','050000000','luzon'),
  ('051717000','Lagonoy',false,'051700000','050000000','luzon'),
  ('051718000','Libmanan',false,'051700000','050000000','luzon'),
  ('051719000','Lupi',false,'051700000','050000000','luzon'),
  ('051720000','Magarao',false,'051700000','050000000','luzon'),
  ('051721000','Milaor',false,'051700000','050000000','luzon'),
  ('051722000','Minalabac',false,'051700000','050000000','luzon'),
  ('051723000','Nabua',false,'051700000','050000000','luzon'),
  ('051724000','City of Naga',true,'051700000','050000000','luzon'),
  ('051725000','Ocampo',false,'051700000','050000000','luzon'),
  ('051726000','Pamplona',false,'051700000','050000000','luzon'),
  ('051727000','Pasacao',false,'051700000','050000000','luzon'),
  ('051728000','Pili',false,'051700000','050000000','luzon'),
  ('051729000','Presentacion',false,'051700000','050000000','luzon'),
  ('051730000','Ragay',false,'051700000','050000000','luzon'),
  ('051731000','Sagñay',false,'051700000','050000000','luzon'),
  ('051732000','San Fernando',false,'051700000','050000000','luzon'),
  ('051733000','San Jose',false,'051700000','050000000','luzon'),
  ('051734000','Sipocot',false,'051700000','050000000','luzon'),
  ('051735000','Siruma',false,'051700000','050000000','luzon'),
  ('051736000','Tigaon',false,'051700000','050000000','luzon'),
  ('051737000','Tinambac',false,'051700000','050000000','luzon'),
  ('052001000','Bagamanoc',false,'052000000','050000000','luzon'),
  ('052002000','Baras',false,'052000000','050000000','luzon'),
  ('052003000','Bato',false,'052000000','050000000','luzon'),
  ('052004000','Caramoran',false,'052000000','050000000','luzon'),
  ('052005000','Gigmoto',false,'052000000','050000000','luzon'),
  ('052006000','Pandan',false,'052000000','050000000','luzon'),
  ('052007000','Panganiban',false,'052000000','050000000','luzon'),
  ('052008000','San Andres',false,'052000000','050000000','luzon'),
  ('052009000','San Miguel',false,'052000000','050000000','luzon'),
  ('052010000','Viga',false,'052000000','050000000','luzon'),
  ('052011000','Virac',false,'052000000','050000000','luzon'),
  ('054101000','Aroroy',false,'054100000','050000000','luzon'),
  ('054102000','Baleno',false,'054100000','050000000','luzon'),
  ('054103000','Balud',false,'054100000','050000000','luzon'),
  ('054104000','Batuan',false,'054100000','050000000','luzon'),
  ('054105000','Cataingan',false,'054100000','050000000','luzon'),
  ('054106000','Cawayan',false,'054100000','050000000','luzon'),
  ('054107000','Claveria',false,'054100000','050000000','luzon'),
  ('054108000','Dimasalang',false,'054100000','050000000','luzon'),
  ('054109000','Esperanza',false,'054100000','050000000','luzon'),
  ('054110000','Mandaon',false,'054100000','050000000','luzon'),
  ('054111000','City of Masbate',true,'054100000','050000000','luzon'),
  ('054112000','Milagros',false,'054100000','050000000','luzon'),
  ('054113000','Mobo',false,'054100000','050000000','luzon'),
  ('054114000','Monreal',false,'054100000','050000000','luzon'),
  ('054115000','Palanas',false,'054100000','050000000','luzon'),
  ('054116000','Pio v. Corpuz',false,'054100000','050000000','luzon'),
  ('054117000','Placer',false,'054100000','050000000','luzon'),
  ('054118000','San Fernando',false,'054100000','050000000','luzon'),
  ('054119000','San Jacinto',false,'054100000','050000000','luzon'),
  ('054120000','San Pascual',false,'054100000','050000000','luzon'),
  ('054121000','Uson',false,'054100000','050000000','luzon'),
  ('056202000','Barcelona',false,'056200000','050000000','luzon'),
  ('056203000','Bulan',false,'056200000','050000000','luzon'),
  ('056204000','Bulusan',false,'056200000','050000000','luzon'),
  ('056205000','Casiguran',false,'056200000','050000000','luzon'),
  ('056206000','Castilla',false,'056200000','050000000','luzon'),
  ('056207000','Donsol',false,'056200000','050000000','luzon'),
  ('056208000','Gubat',false,'056200000','050000000','luzon'),
  ('056209000','Irosin',false,'056200000','050000000','luzon'),
  ('056210000','Juban',false,'056200000','050000000','luzon'),
  ('056211000','Magallanes',false,'056200000','050000000','luzon'),
  ('056212000','Matnog',false,'056200000','050000000','luzon'),
  ('056213000','Pilar',false,'056200000','050000000','luzon'),
  ('056214000','Prieto Diaz',false,'056200000','050000000','luzon'),
  ('056215000','Santa Magdalena',false,'056200000','050000000','luzon'),
  ('056216000','City of Sorsogon',true,'056200000','050000000','luzon'),
  ('060401000','Altavas',false,'060400000','060000000','visayas'),
  ('060402000','Balete',false,'060400000','060000000','visayas'),
  ('060403000','Banga',false,'060400000','060000000','visayas'),
  ('060404000','Batan',false,'060400000','060000000','visayas'),
  ('060405000','Buruanga',false,'060400000','060000000','visayas'),
  ('060406000','Ibajay',false,'060400000','060000000','visayas'),
  ('060407000','Kalibo',false,'060400000','060000000','visayas'),
  ('060408000','Lezo',false,'060400000','060000000','visayas'),
  ('060409000','Libacao',false,'060400000','060000000','visayas'),
  ('060410000','Madalag',false,'060400000','060000000','visayas'),
  ('060411000','Makato',false,'060400000','060000000','visayas'),
  ('060412000','Malay',false,'060400000','060000000','visayas'),
  ('060413000','Malinao',false,'060400000','060000000','visayas'),
  ('060414000','Nabas',false,'060400000','060000000','visayas'),
  ('060415000','New Washington',false,'060400000','060000000','visayas'),
  ('060416000','Numancia',false,'060400000','060000000','visayas'),
  ('060417000','Tangalan',false,'060400000','060000000','visayas'),
  ('060601000','Anini-Y',false,'060600000','060000000','visayas'),
  ('060602000','Barbaza',false,'060600000','060000000','visayas'),
  ('060603000','Belison',false,'060600000','060000000','visayas'),
  ('060604000','Bugasong',false,'060600000','060000000','visayas'),
  ('060605000','Caluya',false,'060600000','060000000','visayas'),
  ('060606000','Culasi',false,'060600000','060000000','visayas'),
  ('060607000','Tobias Fornier',false,'060600000','060000000','visayas'),
  ('060608000','Hamtic',false,'060600000','060000000','visayas'),
  ('060609000','Laua-An',false,'060600000','060000000','visayas'),
  ('060610000','Libertad',false,'060600000','060000000','visayas'),
  ('060611000','Pandan',false,'060600000','060000000','visayas'),
  ('060612000','Patnongon',false,'060600000','060000000','visayas'),
  ('060613000','San Jose',false,'060600000','060000000','visayas'),
  ('060614000','San Remigio',false,'060600000','060000000','visayas'),
  ('060615000','Sebaste',false,'060600000','060000000','visayas'),
  ('060616000','Sibalom',false,'060600000','060000000','visayas'),
  ('060617000','Tibiao',false,'060600000','060000000','visayas'),
  ('060618000','Valderrama',false,'060600000','060000000','visayas'),
  ('061901000','Cuartero',false,'061900000','060000000','visayas'),
  ('061902000','Dao',false,'061900000','060000000','visayas'),
  ('061903000','Dumalag',false,'061900000','060000000','visayas'),
  ('061904000','Dumarao',false,'061900000','060000000','visayas'),
  ('061905000','Ivisan',false,'061900000','060000000','visayas'),
  ('061906000','Jamindan',false,'061900000','060000000','visayas'),
  ('061907000','Ma-Ayon',false,'061900000','060000000','visayas'),
  ('061908000','Mambusao',false,'061900000','060000000','visayas'),
  ('061909000','Panay',false,'061900000','060000000','visayas'),
  ('061910000','Panitan',false,'061900000','060000000','visayas'),
  ('061911000','Pilar',false,'061900000','060000000','visayas'),
  ('061912000','Pontevedra',false,'061900000','060000000','visayas'),
  ('061913000','President Roxas',false,'061900000','060000000','visayas'),
  ('061914000','City of Roxas',true,'061900000','060000000','visayas'),
  ('061915000','Sapi-An',false,'061900000','060000000','visayas'),
  ('061916000','Sigma',false,'061900000','060000000','visayas'),
  ('061917000','Tapaz',false,'061900000','060000000','visayas'),
  ('063001000','Ajuy',false,'063000000','060000000','visayas'),
  ('063002000','Alimodian',false,'063000000','060000000','visayas'),
  ('063003000','Anilao',false,'063000000','060000000','visayas'),
  ('063004000','Badiangan',false,'063000000','060000000','visayas'),
  ('063005000','Balasan',false,'063000000','060000000','visayas'),
  ('063006000','Banate',false,'063000000','060000000','visayas'),
  ('063007000','Barotac Nuevo',false,'063000000','060000000','visayas'),
  ('063008000','Barotac Viejo',false,'063000000','060000000','visayas'),
  ('063009000','Batad',false,'063000000','060000000','visayas'),
  ('063010000','Bingawan',false,'063000000','060000000','visayas'),
  ('063012000','Cabatuan',false,'063000000','060000000','visayas'),
  ('063013000','Calinog',false,'063000000','060000000','visayas'),
  ('063014000','Carles',false,'063000000','060000000','visayas'),
  ('063015000','Concepcion',false,'063000000','060000000','visayas'),
  ('063016000','Dingle',false,'063000000','060000000','visayas'),
  ('063017000','Dueñas',false,'063000000','060000000','visayas'),
  ('063018000','Dumangas',false,'063000000','060000000','visayas'),
  ('063019000','Estancia',false,'063000000','060000000','visayas'),
  ('063020000','Guimbal',false,'063000000','060000000','visayas'),
  ('063021000','Igbaras',false,'063000000','060000000','visayas'),
  ('063022000','City of Iloilo',true,'063000000','060000000','visayas'),
  ('063023000','Janiuay',false,'063000000','060000000','visayas'),
  ('063025000','Lambunao',false,'063000000','060000000','visayas'),
  ('063026000','Leganes',false,'063000000','060000000','visayas'),
  ('063027000','Lemery',false,'063000000','060000000','visayas'),
  ('063028000','Leon',false,'063000000','060000000','visayas'),
  ('063029000','Maasin',false,'063000000','060000000','visayas'),
  ('063030000','Miagao',false,'063000000','060000000','visayas'),
  ('063031000','Mina',false,'063000000','060000000','visayas'),
  ('063032000','New Lucena',false,'063000000','060000000','visayas'),
  ('063034000','Oton',false,'063000000','060000000','visayas'),
  ('063035000','City of Passi',true,'063000000','060000000','visayas'),
  ('063036000','Pavia',false,'063000000','060000000','visayas'),
  ('063037000','Pototan',false,'063000000','060000000','visayas'),
  ('063038000','San Dionisio',false,'063000000','060000000','visayas'),
  ('063039000','San Enrique',false,'063000000','060000000','visayas'),
  ('063040000','San Joaquin',false,'063000000','060000000','visayas'),
  ('063041000','San Miguel',false,'063000000','060000000','visayas'),
  ('063042000','San Rafael',false,'063000000','060000000','visayas'),
  ('063043000','Santa Barbara',false,'063000000','060000000','visayas'),
  ('063044000','Sara',false,'063000000','060000000','visayas'),
  ('063045000','Tigbauan',false,'063000000','060000000','visayas'),
  ('063046000','Tubungan',false,'063000000','060000000','visayas'),
  ('063047000','Zarraga',false,'063000000','060000000','visayas'),
  ('064501000','City of Bacolod',true,'064500000','060000000','visayas'),
  ('064502000','City of Bago',true,'064500000','060000000','visayas'),
  ('064503000','Binalbagan',false,'064500000','060000000','visayas'),
  ('064504000','City of Cadiz',true,'064500000','060000000','visayas'),
  ('064505000','Calatrava',false,'064500000','060000000','visayas'),
  ('064506000','Candoni',false,'064500000','060000000','visayas'),
  ('064507000','Cauayan',false,'064500000','060000000','visayas'),
  ('064508000','Enrique B. Magalona',false,'064500000','060000000','visayas'),
  ('064509000','City of Escalante',true,'064500000','060000000','visayas'),
  ('064510000','City of Himamaylan',true,'064500000','060000000','visayas'),
  ('064511000','Hinigaran',false,'064500000','060000000','visayas'),
  ('064512000','Hinoba-An',false,'064500000','060000000','visayas'),
  ('064513000','Ilog',false,'064500000','060000000','visayas'),
  ('064514000','Isabela',false,'064500000','060000000','visayas'),
  ('064515000','City of Kabankalan',true,'064500000','060000000','visayas'),
  ('064516000','City of La Carlota',true,'064500000','060000000','visayas'),
  ('064517000','La Castellana',false,'064500000','060000000','visayas'),
  ('064518000','Manapla',false,'064500000','060000000','visayas'),
  ('064519000','Moises Padilla',false,'064500000','060000000','visayas'),
  ('064520000','Murcia',false,'064500000','060000000','visayas'),
  ('064521000','Pontevedra',false,'064500000','060000000','visayas'),
  ('064522000','Pulupandan',false,'064500000','060000000','visayas'),
  ('064523000','City of Sagay',true,'064500000','060000000','visayas'),
  ('064524000','City of San Carlos',true,'064500000','060000000','visayas'),
  ('064525000','San Enrique',false,'064500000','060000000','visayas'),
  ('064526000','City of Silay',true,'064500000','060000000','visayas'),
  ('064527000','City of Sipalay',true,'064500000','060000000','visayas'),
  ('064528000','City of Talisay',true,'064500000','060000000','visayas'),
  ('064529000','Toboso',false,'064500000','060000000','visayas'),
  ('064530000','Valladolid',false,'064500000','060000000','visayas'),
  ('064531000','City of Victorias',true,'064500000','060000000','visayas'),
  ('064532000','Salvador Benedicto',false,'064500000','060000000','visayas'),
  ('067901000','Buenavista',false,'067900000','060000000','visayas'),
  ('067902000','Jordan',false,'067900000','060000000','visayas'),
  ('067903000','Nueva Valencia',false,'067900000','060000000','visayas'),
  ('067904000','San Lorenzo',false,'067900000','060000000','visayas'),
  ('067905000','Sibunag',false,'067900000','060000000','visayas'),
  ('071201000','Alburquerque',false,'071200000','070000000','visayas'),
  ('071202000','Alicia',false,'071200000','070000000','visayas'),
  ('071203000','Anda',false,'071200000','070000000','visayas'),
  ('071204000','Antequera',false,'071200000','070000000','visayas'),
  ('071205000','Baclayon',false,'071200000','070000000','visayas'),
  ('071206000','Balilihan',false,'071200000','070000000','visayas'),
  ('071207000','Batuan',false,'071200000','070000000','visayas'),
  ('071208000','Bilar',false,'071200000','070000000','visayas'),
  ('071209000','Buenavista',false,'071200000','070000000','visayas'),
  ('071210000','Calape',false,'071200000','070000000','visayas'),
  ('071211000','Candijay',false,'071200000','070000000','visayas'),
  ('071212000','Carmen',false,'071200000','070000000','visayas'),
  ('071213000','Catigbian',false,'071200000','070000000','visayas'),
  ('071214000','Clarin',false,'071200000','070000000','visayas'),
  ('071215000','Corella',false,'071200000','070000000','visayas'),
  ('071216000','Cortes',false,'071200000','070000000','visayas'),
  ('071217000','Dagohoy',false,'071200000','070000000','visayas'),
  ('071218000','Danao',false,'071200000','070000000','visayas'),
  ('071219000','Dauis',false,'071200000','070000000','visayas'),
  ('071220000','Dimiao',false,'071200000','070000000','visayas'),
  ('071221000','Duero',false,'071200000','070000000','visayas'),
  ('071222000','Garcia Hernandez',false,'071200000','070000000','visayas'),
  ('071223000','Guindulman',false,'071200000','070000000','visayas'),
  ('071224000','Inabanga',false,'071200000','070000000','visayas'),
  ('071225000','Jagna',false,'071200000','070000000','visayas'),
  ('071226000','Getafe',false,'071200000','070000000','visayas'),
  ('071227000','Lila',false,'071200000','070000000','visayas'),
  ('071228000','Loay',false,'071200000','070000000','visayas'),
  ('071229000','Loboc',false,'071200000','070000000','visayas'),
  ('071230000','Loon',false,'071200000','070000000','visayas'),
  ('071231000','Mabini',false,'071200000','070000000','visayas'),
  ('071232000','Maribojoc',false,'071200000','070000000','visayas'),
  ('071233000','Panglao',false,'071200000','070000000','visayas'),
  ('071234000','Pilar',false,'071200000','070000000','visayas'),
  ('071235000','President Carlos P. Garcia',false,'071200000','070000000','visayas'),
  ('071236000','Sagbayan',false,'071200000','070000000','visayas'),
  ('071237000','San Isidro',false,'071200000','070000000','visayas'),
  ('071238000','San Miguel',false,'071200000','070000000','visayas'),
  ('071239000','Sevilla',false,'071200000','070000000','visayas'),
  ('071240000','Sierra Bullones',false,'071200000','070000000','visayas'),
  ('071241000','Sikatuna',false,'071200000','070000000','visayas'),
  ('071242000','City of Tagbilaran',true,'071200000','070000000','visayas'),
  ('071243000','Talibon',false,'071200000','070000000','visayas'),
  ('071244000','Trinidad',false,'071200000','070000000','visayas'),
  ('071245000','Tubigon',false,'071200000','070000000','visayas'),
  ('071246000','Ubay',false,'071200000','070000000','visayas'),
  ('071247000','Valencia',false,'071200000','070000000','visayas'),
  ('071248000','Bien Unido',false,'071200000','070000000','visayas'),
  ('072201000','Alcantara',false,'072200000','070000000','visayas'),
  ('072202000','Alcoy',false,'072200000','070000000','visayas'),
  ('072203000','Alegria',false,'072200000','070000000','visayas'),
  ('072204000','Aloguinsan',false,'072200000','070000000','visayas'),
  ('072205000','Argao',false,'072200000','070000000','visayas'),
  ('072206000','Asturias',false,'072200000','070000000','visayas'),
  ('072207000','Badian',false,'072200000','070000000','visayas'),
  ('072208000','Balamban',false,'072200000','070000000','visayas'),
  ('072209000','Bantayan',false,'072200000','070000000','visayas'),
  ('072210000','Barili',false,'072200000','070000000','visayas'),
  ('072211000','City of Bogo',true,'072200000','070000000','visayas'),
  ('072212000','Boljoon',false,'072200000','070000000','visayas'),
  ('072213000','Borbon',false,'072200000','070000000','visayas'),
  ('072214000','City of Carcar',true,'072200000','070000000','visayas'),
  ('072215000','Carmen',false,'072200000','070000000','visayas'),
  ('072216000','Catmon',false,'072200000','070000000','visayas'),
  ('072217000','City of Cebu',true,'072200000','070000000','visayas'),
  ('072218000','Compostela',false,'072200000','070000000','visayas'),
  ('072219000','Consolacion',false,'072200000','070000000','visayas'),
  ('072220000','Cordova',false,'072200000','070000000','visayas'),
  ('072221000','Daanbantayan',false,'072200000','070000000','visayas'),
  ('072222000','Dalaguete',false,'072200000','070000000','visayas'),
  ('072223000','Danao City',true,'072200000','070000000','visayas'),
  ('072224000','Dumanjug',false,'072200000','070000000','visayas'),
  ('072225000','Ginatilan',false,'072200000','070000000','visayas'),
  ('072226000','City of Lapu-Lapu',true,'072200000','070000000','visayas'),
  ('072227000','Liloan',false,'072200000','070000000','visayas'),
  ('072228000','Madridejos',false,'072200000','070000000','visayas'),
  ('072229000','Malabuyoc',false,'072200000','070000000','visayas'),
  ('072230000','City of Mandaue',true,'072200000','070000000','visayas'),
  ('072231000','Medellin',false,'072200000','070000000','visayas'),
  ('072232000','Minglanilla',false,'072200000','070000000','visayas'),
  ('072233000','Moalboal',false,'072200000','070000000','visayas'),
  ('072234000','City of Naga',true,'072200000','070000000','visayas'),
  ('072235000','Oslob',false,'072200000','070000000','visayas'),
  ('072236000','Pilar',false,'072200000','070000000','visayas'),
  ('072237000','Pinamungajan',false,'072200000','070000000','visayas'),
  ('072238000','Poro',false,'072200000','070000000','visayas'),
  ('072239000','Ronda',false,'072200000','070000000','visayas'),
  ('072240000','Samboan',false,'072200000','070000000','visayas'),
  ('072241000','San Fernando',false,'072200000','070000000','visayas'),
  ('072242000','San Francisco',false,'072200000','070000000','visayas'),
  ('072243000','San Remigio',false,'072200000','070000000','visayas'),
  ('072244000','Santa Fe',false,'072200000','070000000','visayas'),
  ('072245000','Santander',false,'072200000','070000000','visayas'),
  ('072246000','Sibonga',false,'072200000','070000000','visayas'),
  ('072247000','Sogod',false,'072200000','070000000','visayas'),
  ('072248000','Tabogon',false,'072200000','070000000','visayas'),
  ('072249000','Tabuelan',false,'072200000','070000000','visayas'),
  ('072250000','City of Talisay',true,'072200000','070000000','visayas'),
  ('072251000','City of Toledo',true,'072200000','070000000','visayas'),
  ('072252000','Tuburan',false,'072200000','070000000','visayas'),
  ('072253000','Tudela',false,'072200000','070000000','visayas'),
  ('074601000','Amlan',false,'074600000','070000000','visayas'),
  ('074602000','Ayungon',false,'074600000','070000000','visayas'),
  ('074603000','Bacong',false,'074600000','070000000','visayas'),
  ('074604000','City of Bais',true,'074600000','070000000','visayas'),
  ('074605000','Basay',false,'074600000','070000000','visayas'),
  ('074606000','City of Bayawan',true,'074600000','070000000','visayas'),
  ('074607000','Bindoy',false,'074600000','070000000','visayas'),
  ('074608000','City of Canlaon',true,'074600000','070000000','visayas'),
  ('074609000','Dauin',false,'074600000','070000000','visayas'),
  ('074610000','City of Dumaguete',true,'074600000','070000000','visayas'),
  ('074611000','City of Guihulngan',true,'074600000','070000000','visayas'),
  ('074612000','Jimalalud',false,'074600000','070000000','visayas'),
  ('074613000','La Libertad',false,'074600000','070000000','visayas'),
  ('074614000','Mabinay',false,'074600000','070000000','visayas'),
  ('074615000','Manjuyod',false,'074600000','070000000','visayas'),
  ('074616000','Pamplona',false,'074600000','070000000','visayas'),
  ('074617000','San Jose',false,'074600000','070000000','visayas'),
  ('074618000','Santa Catalina',false,'074600000','070000000','visayas'),
  ('074619000','Siaton',false,'074600000','070000000','visayas'),
  ('074620000','Sibulan',false,'074600000','070000000','visayas'),
  ('074621000','City of Tanjay',true,'074600000','070000000','visayas'),
  ('074622000','Tayasan',false,'074600000','070000000','visayas'),
  ('074623000','Valencia',false,'074600000','070000000','visayas'),
  ('074624000','Vallehermoso',false,'074600000','070000000','visayas'),
  ('074625000','Zamboanguita',false,'074600000','070000000','visayas'),
  ('076101000','Enrique Villanueva',false,'076100000','070000000','visayas'),
  ('076102000','Larena',false,'076100000','070000000','visayas'),
  ('076103000','Lazi',false,'076100000','070000000','visayas'),
  ('076104000','Maria',false,'076100000','070000000','visayas'),
  ('076105000','San Juan',false,'076100000','070000000','visayas'),
  ('076106000','Siquijor',false,'076100000','070000000','visayas'),
  ('082601000','Arteche',false,'082600000','080000000','visayas'),
  ('082602000','Balangiga',false,'082600000','080000000','visayas'),
  ('082603000','Balangkayan',false,'082600000','080000000','visayas'),
  ('082604000','City of Borongan',true,'082600000','080000000','visayas'),
  ('082605000','Can-Avid',false,'082600000','080000000','visayas'),
  ('082606000','Dolores',false,'082600000','080000000','visayas'),
  ('082607000','General Macarthur',false,'082600000','080000000','visayas'),
  ('082608000','Giporlos',false,'082600000','080000000','visayas'),
  ('082609000','Guiuan',false,'082600000','080000000','visayas'),
  ('082610000','Hernani',false,'082600000','080000000','visayas'),
  ('082611000','Jipapad',false,'082600000','080000000','visayas'),
  ('082612000','Lawaan',false,'082600000','080000000','visayas'),
  ('082613000','Llorente',false,'082600000','080000000','visayas'),
  ('082614000','Maslog',false,'082600000','080000000','visayas'),
  ('082615000','Maydolong',false,'082600000','080000000','visayas'),
  ('082616000','Mercedes',false,'082600000','080000000','visayas'),
  ('082617000','Oras',false,'082600000','080000000','visayas'),
  ('082618000','Quinapondan',false,'082600000','080000000','visayas'),
  ('082619000','Salcedo',false,'082600000','080000000','visayas'),
  ('082620000','San Julian',false,'082600000','080000000','visayas'),
  ('082621000','San Policarpo',false,'082600000','080000000','visayas'),
  ('082622000','Sulat',false,'082600000','080000000','visayas'),
  ('082623000','Taft',false,'082600000','080000000','visayas'),
  ('083701000','Abuyog',false,'083700000','080000000','visayas'),
  ('083702000','Alangalang',false,'083700000','080000000','visayas'),
  ('083703000','Albuera',false,'083700000','080000000','visayas'),
  ('083705000','Babatngon',false,'083700000','080000000','visayas'),
  ('083706000','Barugo',false,'083700000','080000000','visayas'),
  ('083707000','Bato',false,'083700000','080000000','visayas'),
  ('083708000','City of Baybay',true,'083700000','080000000','visayas'),
  ('083710000','Burauen',false,'083700000','080000000','visayas'),
  ('083713000','Calubian',false,'083700000','080000000','visayas'),
  ('083714000','Capoocan',false,'083700000','080000000','visayas'),
  ('083715000','Carigara',false,'083700000','080000000','visayas'),
  ('083717000','Dagami',false,'083700000','080000000','visayas'),
  ('083718000','Dulag',false,'083700000','080000000','visayas'),
  ('083719000','Hilongos',false,'083700000','080000000','visayas'),
  ('083720000','Hindang',false,'083700000','080000000','visayas'),
  ('083721000','Inopacan',false,'083700000','080000000','visayas'),
  ('083722000','Isabel',false,'083700000','080000000','visayas'),
  ('083723000','Jaro',false,'083700000','080000000','visayas'),
  ('083724000','Javier',false,'083700000','080000000','visayas'),
  ('083725000','Julita',false,'083700000','080000000','visayas'),
  ('083726000','Kananga',false,'083700000','080000000','visayas'),
  ('083728000','La Paz',false,'083700000','080000000','visayas'),
  ('083729000','Leyte',false,'083700000','080000000','visayas'),
  ('083730000','Macarthur',false,'083700000','080000000','visayas'),
  ('083731000','Mahaplag',false,'083700000','080000000','visayas'),
  ('083733000','Matag-Ob',false,'083700000','080000000','visayas'),
  ('083734000','Matalom',false,'083700000','080000000','visayas'),
  ('083735000','Mayorga',false,'083700000','080000000','visayas'),
  ('083736000','Merida',false,'083700000','080000000','visayas'),
  ('083738000','Ormoc City',true,'083700000','080000000','visayas'),
  ('083739000','Palo',false,'083700000','080000000','visayas'),
  ('083740000','Palompon',false,'083700000','080000000','visayas'),
  ('083741000','Pastrana',false,'083700000','080000000','visayas'),
  ('083742000','San Isidro',false,'083700000','080000000','visayas'),
  ('083743000','San Miguel',false,'083700000','080000000','visayas'),
  ('083744000','Santa Fe',false,'083700000','080000000','visayas'),
  ('083745000','Tabango',false,'083700000','080000000','visayas'),
  ('083746000','Tabontabon',false,'083700000','080000000','visayas'),
  ('083747000','City of Tacloban',true,'083700000','080000000','visayas'),
  ('083748000','Tanauan',false,'083700000','080000000','visayas'),
  ('083749000','Tolosa',false,'083700000','080000000','visayas'),
  ('083750000','Tunga',false,'083700000','080000000','visayas'),
  ('083751000','Villaba',false,'083700000','080000000','visayas'),
  ('084801000','Allen',false,'084800000','080000000','visayas'),
  ('084802000','Biri',false,'084800000','080000000','visayas'),
  ('084803000','Bobon',false,'084800000','080000000','visayas'),
  ('084804000','Capul',false,'084800000','080000000','visayas'),
  ('084805000','Catarman',false,'084800000','080000000','visayas'),
  ('084806000','Catubig',false,'084800000','080000000','visayas'),
  ('084807000','Gamay',false,'084800000','080000000','visayas'),
  ('084808000','Laoang',false,'084800000','080000000','visayas'),
  ('084809000','Lapinig',false,'084800000','080000000','visayas'),
  ('084810000','Las Navas',false,'084800000','080000000','visayas'),
  ('084811000','Lavezares',false,'084800000','080000000','visayas'),
  ('084812000','Mapanas',false,'084800000','080000000','visayas'),
  ('084813000','Mondragon',false,'084800000','080000000','visayas'),
  ('084814000','Palapag',false,'084800000','080000000','visayas'),
  ('084815000','Pambujan',false,'084800000','080000000','visayas'),
  ('084816000','Rosario',false,'084800000','080000000','visayas'),
  ('084817000','San Antonio',false,'084800000','080000000','visayas'),
  ('084818000','San Isidro',false,'084800000','080000000','visayas'),
  ('084819000','San Jose',false,'084800000','080000000','visayas'),
  ('084820000','San Roque',false,'084800000','080000000','visayas'),
  ('084821000','San Vicente',false,'084800000','080000000','visayas'),
  ('084822000','Silvino Lobos',false,'084800000','080000000','visayas'),
  ('084823000','Victoria',false,'084800000','080000000','visayas'),
  ('084824000','Lope De Vega',false,'084800000','080000000','visayas'),
  ('086001000','Almagro',false,'086000000','080000000','visayas'),
  ('086002000','Basey',false,'086000000','080000000','visayas'),
  ('086003000','City of Calbayog',true,'086000000','080000000','visayas'),
  ('086004000','Calbiga',false,'086000000','080000000','visayas'),
  ('086005000','City of Catbalogan',true,'086000000','080000000','visayas'),
  ('086006000','Daram',false,'086000000','080000000','visayas'),
  ('086007000','Gandara',false,'086000000','080000000','visayas'),
  ('086008000','Hinabangan',false,'086000000','080000000','visayas'),
  ('086009000','Jiabong',false,'086000000','080000000','visayas'),
  ('086010000','Marabut',false,'086000000','080000000','visayas'),
  ('086011000','Matuguinao',false,'086000000','080000000','visayas'),
  ('086012000','Motiong',false,'086000000','080000000','visayas'),
  ('086013000','Pinabacdao',false,'086000000','080000000','visayas'),
  ('086014000','San Jose De Buan',false,'086000000','080000000','visayas'),
  ('086015000','San Sebastian',false,'086000000','080000000','visayas'),
  ('086016000','Santa Margarita',false,'086000000','080000000','visayas'),
  ('086017000','Santa Rita',false,'086000000','080000000','visayas'),
  ('086018000','Santo Niño',false,'086000000','080000000','visayas'),
  ('086019000','Talalora',false,'086000000','080000000','visayas'),
  ('086020000','Tarangnan',false,'086000000','080000000','visayas'),
  ('086021000','Villareal',false,'086000000','080000000','visayas'),
  ('086022000','Paranas',false,'086000000','080000000','visayas'),
  ('086023000','Zumarraga',false,'086000000','080000000','visayas'),
  ('086024000','Tagapul-An',false,'086000000','080000000','visayas'),
  ('086025000','San Jorge',false,'086000000','080000000','visayas'),
  ('086026000','Pagsanghan',false,'086000000','080000000','visayas'),
  ('086401000','Anahawan',false,'086400000','080000000','visayas'),
  ('086402000','Bontoc',false,'086400000','080000000','visayas'),
  ('086403000','Hinunangan',false,'086400000','080000000','visayas'),
  ('086404000','Hinundayan',false,'086400000','080000000','visayas'),
  ('086405000','Libagon',false,'086400000','080000000','visayas'),
  ('086406000','Liloan',false,'086400000','080000000','visayas'),
  ('086407000','City of Maasin',true,'086400000','080000000','visayas'),
  ('086408000','Macrohon',false,'086400000','080000000','visayas'),
  ('086409000','Malitbog',false,'086400000','080000000','visayas'),
  ('086410000','Padre Burgos',false,'086400000','080000000','visayas'),
  ('086411000','Pintuyan',false,'086400000','080000000','visayas'),
  ('086412000','Saint Bernard',false,'086400000','080000000','visayas'),
  ('086413000','San Francisco',false,'086400000','080000000','visayas'),
  ('086414000','San Juan',false,'086400000','080000000','visayas'),
  ('086415000','San Ricardo',false,'086400000','080000000','visayas'),
  ('086416000','Silago',false,'086400000','080000000','visayas'),
  ('086417000','Sogod',false,'086400000','080000000','visayas'),
  ('086418000','Tomas Oppus',false,'086400000','080000000','visayas'),
  ('086419000','Limasawa',false,'086400000','080000000','visayas'),
  ('087801000','Almeria',false,'087800000','080000000','visayas'),
  ('087802000','Biliran',false,'087800000','080000000','visayas'),
  ('087803000','Cabucgayan',false,'087800000','080000000','visayas'),
  ('087804000','Caibiran',false,'087800000','080000000','visayas'),
  ('087805000','Culaba',false,'087800000','080000000','visayas'),
  ('087806000','Kawayan',false,'087800000','080000000','visayas'),
  ('087807000','Maripipi',false,'087800000','080000000','visayas'),
  ('087808000','Naval',false,'087800000','080000000','visayas'),
  ('097201000','City of Dapitan',true,'097200000','090000000','mindanao'),
  ('097202000','City of Dipolog',true,'097200000','090000000','mindanao'),
  ('097203000','Katipunan',false,'097200000','090000000','mindanao'),
  ('097204000','La Libertad',false,'097200000','090000000','mindanao'),
  ('097205000','Labason',false,'097200000','090000000','mindanao'),
  ('097206000','Liloy',false,'097200000','090000000','mindanao'),
  ('097207000','Manukan',false,'097200000','090000000','mindanao'),
  ('097208000','Mutia',false,'097200000','090000000','mindanao'),
  ('097209000','Piñan',false,'097200000','090000000','mindanao'),
  ('097210000','Polanco',false,'097200000','090000000','mindanao'),
  ('097211000','Pres. Manuel a. Roxas',false,'097200000','090000000','mindanao'),
  ('097212000','Rizal',false,'097200000','090000000','mindanao'),
  ('097213000','Salug',false,'097200000','090000000','mindanao'),
  ('097214000','Sergio osmeña Sr.',false,'097200000','090000000','mindanao'),
  ('097215000','Siayan',false,'097200000','090000000','mindanao'),
  ('097216000','Sibuco',false,'097200000','090000000','mindanao'),
  ('097217000','Sibutad',false,'097200000','090000000','mindanao'),
  ('097218000','Sindangan',false,'097200000','090000000','mindanao'),
  ('097219000','Siocon',false,'097200000','090000000','mindanao'),
  ('097220000','Sirawai',false,'097200000','090000000','mindanao'),
  ('097221000','Tampilisan',false,'097200000','090000000','mindanao'),
  ('097222000','Jose Dalman',false,'097200000','090000000','mindanao'),
  ('097223000','Gutalac',false,'097200000','090000000','mindanao'),
  ('097224000','Baliguian',false,'097200000','090000000','mindanao'),
  ('097225000','Godod',false,'097200000','090000000','mindanao'),
  ('097226000','Bacungan',false,'097200000','090000000','mindanao'),
  ('097227000','Kalawit',false,'097200000','090000000','mindanao'),
  ('097302000','Aurora',false,'097300000','090000000','mindanao'),
  ('097303000','Bayog',false,'097300000','090000000','mindanao'),
  ('097305000','Dimataling',false,'097300000','090000000','mindanao'),
  ('097306000','Dinas',false,'097300000','090000000','mindanao'),
  ('097307000','Dumalinao',false,'097300000','090000000','mindanao'),
  ('097308000','Dumingag',false,'097300000','090000000','mindanao'),
  ('097311000','Kumalarang',false,'097300000','090000000','mindanao'),
  ('097312000','Labangan',false,'097300000','090000000','mindanao'),
  ('097313000','Lapuyan',false,'097300000','090000000','mindanao'),
  ('097315000','Mahayag',false,'097300000','090000000','mindanao'),
  ('097317000','Margosatubig',false,'097300000','090000000','mindanao'),
  ('097318000','Midsalip',false,'097300000','090000000','mindanao'),
  ('097319000','Molave',false,'097300000','090000000','mindanao'),
  ('097322000','City of Pagadian',true,'097300000','090000000','mindanao'),
  ('097323000','Ramon Magsaysay',false,'097300000','090000000','mindanao'),
  ('097324000','San Miguel',false,'097300000','090000000','mindanao'),
  ('097325000','San Pablo',false,'097300000','090000000','mindanao'),
  ('097327000','Tabina',false,'097300000','090000000','mindanao'),
  ('097328000','Tambulig',false,'097300000','090000000','mindanao'),
  ('097330000','Tukuran',false,'097300000','090000000','mindanao'),
  ('097332000','City of Zamboanga',true,'097300000','090000000','mindanao'),
  ('097333000','Lakewood',false,'097300000','090000000','mindanao'),
  ('097337000','Josefina',false,'097300000','090000000','mindanao'),
  ('097338000','Pitogo',false,'097300000','090000000','mindanao'),
  ('097340000','Sominot',false,'097300000','090000000','mindanao'),
  ('097341000','Vincenzo a. Sagun',false,'097300000','090000000','mindanao'),
  ('097343000','Guipos',false,'097300000','090000000','mindanao'),
  ('097344000','Tigbao',false,'097300000','090000000','mindanao'),
  ('098301000','Alicia',false,'098300000','090000000','mindanao'),
  ('098302000','Buug',false,'098300000','090000000','mindanao'),
  ('098303000','Diplahan',false,'098300000','090000000','mindanao'),
  ('098304000','Imelda',false,'098300000','090000000','mindanao'),
  ('098305000','Ipil',false,'098300000','090000000','mindanao'),
  ('098306000','Kabasalan',false,'098300000','090000000','mindanao'),
  ('098307000','Mabuhay',false,'098300000','090000000','mindanao'),
  ('098308000','Malangas',false,'098300000','090000000','mindanao'),
  ('098309000','Naga',false,'098300000','090000000','mindanao'),
  ('098310000','Olutanga',false,'098300000','090000000','mindanao'),
  ('098311000','Payao',false,'098300000','090000000','mindanao'),
  ('098312000','Roseller Lim',false,'098300000','090000000','mindanao'),
  ('098313000','Siay',false,'098300000','090000000','mindanao'),
  ('098314000','Talusan',false,'098300000','090000000','mindanao'),
  ('098315000','Titay',false,'098300000','090000000','mindanao'),
  ('098316000','Tungawan',false,'098300000','090000000','mindanao'),
  ('099701000','City of Isabela',true,null,'090000000','mindanao'),
  ('101301000','Baungon',false,'101300000','100000000','mindanao'),
  ('101302000','Damulog',false,'101300000','100000000','mindanao'),
  ('101303000','Dangcagan',false,'101300000','100000000','mindanao'),
  ('101304000','Don Carlos',false,'101300000','100000000','mindanao'),
  ('101305000','Impasug-Ong',false,'101300000','100000000','mindanao'),
  ('101306000','Kadingilan',false,'101300000','100000000','mindanao'),
  ('101307000','Kalilangan',false,'101300000','100000000','mindanao'),
  ('101308000','Kibawe',false,'101300000','100000000','mindanao'),
  ('101309000','Kitaotao',false,'101300000','100000000','mindanao'),
  ('101310000','Lantapan',false,'101300000','100000000','mindanao'),
  ('101311000','Libona',false,'101300000','100000000','mindanao'),
  ('101312000','City of Malaybalay',true,'101300000','100000000','mindanao'),
  ('101313000','Malitbog',false,'101300000','100000000','mindanao'),
  ('101314000','Manolo Fortich',false,'101300000','100000000','mindanao'),
  ('101315000','Maramag',false,'101300000','100000000','mindanao'),
  ('101316000','Pangantucan',false,'101300000','100000000','mindanao'),
  ('101317000','Quezon',false,'101300000','100000000','mindanao'),
  ('101318000','San Fernando',false,'101300000','100000000','mindanao'),
  ('101319000','Sumilao',false,'101300000','100000000','mindanao'),
  ('101320000','Talakag',false,'101300000','100000000','mindanao'),
  ('101321000','City of Valencia',true,'101300000','100000000','mindanao'),
  ('101322000','Cabanglasan',false,'101300000','100000000','mindanao'),
  ('101801000','Catarman',false,'101800000','100000000','mindanao'),
  ('101802000','Guinsiliban',false,'101800000','100000000','mindanao'),
  ('101803000','Mahinog',false,'101800000','100000000','mindanao'),
  ('101804000','Mambajao',false,'101800000','100000000','mindanao'),
  ('101805000','Sagay',false,'101800000','100000000','mindanao'),
  ('103501000','Bacolod',false,'103500000','100000000','mindanao'),
  ('103502000','Baloi',false,'103500000','100000000','mindanao'),
  ('103503000','Baroy',false,'103500000','100000000','mindanao'),
  ('103504000','City of Iligan',true,'103500000','100000000','mindanao'),
  ('103505000','Kapatagan',false,'103500000','100000000','mindanao'),
  ('103506000','Sultan Naga Dimaporo',false,'103500000','100000000','mindanao'),
  ('103507000','Kauswagan',false,'103500000','100000000','mindanao'),
  ('103508000','Kolambugan',false,'103500000','100000000','mindanao'),
  ('103509000','Lala',false,'103500000','100000000','mindanao'),
  ('103510000','Linamon',false,'103500000','100000000','mindanao'),
  ('103511000','Magsaysay',false,'103500000','100000000','mindanao'),
  ('103512000','Maigo',false,'103500000','100000000','mindanao'),
  ('103513000','Matungao',false,'103500000','100000000','mindanao'),
  ('103514000','Munai',false,'103500000','100000000','mindanao'),
  ('103515000','Nunungan',false,'103500000','100000000','mindanao'),
  ('103516000','Pantao Ragat',false,'103500000','100000000','mindanao'),
  ('103517000','Poona Piagapo',false,'103500000','100000000','mindanao'),
  ('103518000','Salvador',false,'103500000','100000000','mindanao'),
  ('103519000','Sapad',false,'103500000','100000000','mindanao'),
  ('103520000','Tagoloan',false,'103500000','100000000','mindanao'),
  ('103521000','Tangcal',false,'103500000','100000000','mindanao'),
  ('103522000','Tubod',false,'103500000','100000000','mindanao'),
  ('103523000','Pantar',false,'103500000','100000000','mindanao'),
  ('104201000','Aloran',false,'104200000','100000000','mindanao'),
  ('104202000','Baliangao',false,'104200000','100000000','mindanao'),
  ('104203000','Bonifacio',false,'104200000','100000000','mindanao'),
  ('104204000','Calamba',false,'104200000','100000000','mindanao'),
  ('104205000','Clarin',false,'104200000','100000000','mindanao'),
  ('104206000','Concepcion',false,'104200000','100000000','mindanao'),
  ('104207000','Jimenez',false,'104200000','100000000','mindanao'),
  ('104208000','Lopez Jaena',false,'104200000','100000000','mindanao'),
  ('104209000','City of Oroquieta',true,'104200000','100000000','mindanao'),
  ('104210000','City of Ozamiz',true,'104200000','100000000','mindanao'),
  ('104211000','Panaon',false,'104200000','100000000','mindanao'),
  ('104212000','Plaridel',false,'104200000','100000000','mindanao'),
  ('104213000','Sapang Dalaga',false,'104200000','100000000','mindanao'),
  ('104214000','Sinacaban',false,'104200000','100000000','mindanao'),
  ('104215000','City of Tangub',true,'104200000','100000000','mindanao'),
  ('104216000','Tudela',false,'104200000','100000000','mindanao'),
  ('104217000','Don Victoriano Chiongbian',false,'104200000','100000000','mindanao'),
  ('104301000','Alubijid',false,'104300000','100000000','mindanao'),
  ('104302000','Balingasag',false,'104300000','100000000','mindanao'),
  ('104303000','Balingoan',false,'104300000','100000000','mindanao'),
  ('104304000','Binuangan',false,'104300000','100000000','mindanao'),
  ('104305000','City of Cagayan De Oro',true,'104300000','100000000','mindanao'),
  ('104306000','Claveria',false,'104300000','100000000','mindanao'),
  ('104307000','City of El Salvador',true,'104300000','100000000','mindanao'),
  ('104308000','City of Gingoog',true,'104300000','100000000','mindanao'),
  ('104309000','Gitagum',false,'104300000','100000000','mindanao'),
  ('104310000','Initao',false,'104300000','100000000','mindanao'),
  ('104311000','Jasaan',false,'104300000','100000000','mindanao'),
  ('104312000','Kinoguitan',false,'104300000','100000000','mindanao'),
  ('104313000','Lagonglong',false,'104300000','100000000','mindanao'),
  ('104314000','Laguindingan',false,'104300000','100000000','mindanao'),
  ('104315000','Libertad',false,'104300000','100000000','mindanao'),
  ('104316000','Lugait',false,'104300000','100000000','mindanao'),
  ('104317000','Magsaysay',false,'104300000','100000000','mindanao'),
  ('104318000','Manticao',false,'104300000','100000000','mindanao'),
  ('104319000','Medina',false,'104300000','100000000','mindanao'),
  ('104320000','Naawan',false,'104300000','100000000','mindanao'),
  ('104321000','Opol',false,'104300000','100000000','mindanao'),
  ('104322000','Salay',false,'104300000','100000000','mindanao'),
  ('104323000','Sugbongcogon',false,'104300000','100000000','mindanao'),
  ('104324000','Tagoloan',false,'104300000','100000000','mindanao'),
  ('104325000','Talisayan',false,'104300000','100000000','mindanao'),
  ('104326000','Villanueva',false,'104300000','100000000','mindanao'),
  ('112301000','Asuncion',false,'112300000','110000000','mindanao'),
  ('112303000','Carmen',false,'112300000','110000000','mindanao'),
  ('112305000','Kapalong',false,'112300000','110000000','mindanao'),
  ('112314000','New Corella',false,'112300000','110000000','mindanao'),
  ('112315000','City of Panabo',true,'112300000','110000000','mindanao'),
  ('112317000','Island Garden City of Samal',true,'112300000','110000000','mindanao'),
  ('112318000','Santo Tomas',false,'112300000','110000000','mindanao'),
  ('112319000','City of Tagum',true,'112300000','110000000','mindanao'),
  ('112322000','Talaingod',false,'112300000','110000000','mindanao'),
  ('112323000','Braulio E. Dujali',false,'112300000','110000000','mindanao'),
  ('112324000','San Isidro',false,'112300000','110000000','mindanao'),
  ('112401000','Bansalan',false,'112400000','110000000','mindanao'),
  ('112402000','City of Davao',true,'112400000','110000000','mindanao'),
  ('112403000','City of Digos',true,'112400000','110000000','mindanao'),
  ('112404000','Hagonoy',false,'112400000','110000000','mindanao'),
  ('112406000','Kiblawan',false,'112400000','110000000','mindanao'),
  ('112407000','Magsaysay',false,'112400000','110000000','mindanao'),
  ('112408000','Malalag',false,'112400000','110000000','mindanao'),
  ('112410000','Matanao',false,'112400000','110000000','mindanao'),
  ('112411000','Padada',false,'112400000','110000000','mindanao'),
  ('112412000','Santa Cruz',false,'112400000','110000000','mindanao'),
  ('112414000','Sulop',false,'112400000','110000000','mindanao'),
  ('112501000','Baganga',false,'112500000','110000000','mindanao'),
  ('112502000','Banaybanay',false,'112500000','110000000','mindanao'),
  ('112503000','Boston',false,'112500000','110000000','mindanao'),
  ('112504000','Caraga',false,'112500000','110000000','mindanao'),
  ('112505000','Cateel',false,'112500000','110000000','mindanao'),
  ('112506000','Governor Generoso',false,'112500000','110000000','mindanao'),
  ('112507000','Lupon',false,'112500000','110000000','mindanao'),
  ('112508000','Manay',false,'112500000','110000000','mindanao'),
  ('112509000','City of Mati',true,'112500000','110000000','mindanao'),
  ('112510000','San Isidro',false,'112500000','110000000','mindanao'),
  ('112511000','Tarragona',false,'112500000','110000000','mindanao'),
  ('118201000','Compostela',false,'118200000','110000000','mindanao'),
  ('118202000','Laak',false,'118200000','110000000','mindanao'),
  ('118203000','Mabini',false,'118200000','110000000','mindanao'),
  ('118204000','Maco',false,'118200000','110000000','mindanao'),
  ('118205000','Maragusan',false,'118200000','110000000','mindanao'),
  ('118206000','Mawab',false,'118200000','110000000','mindanao'),
  ('118207000','Monkayo',false,'118200000','110000000','mindanao'),
  ('118208000','Montevista',false,'118200000','110000000','mindanao'),
  ('118209000','Nabunturan',false,'118200000','110000000','mindanao'),
  ('118210000','New Bataan',false,'118200000','110000000','mindanao'),
  ('118211000','Pantukan',false,'118200000','110000000','mindanao'),
  ('118601000','Don Marcelino',false,'118600000','110000000','mindanao'),
  ('118602000','Jose Abad Santos',false,'118600000','110000000','mindanao'),
  ('118603000','Malita',false,'118600000','110000000','mindanao'),
  ('118604000','Santa Maria',false,'118600000','110000000','mindanao'),
  ('118605000','Sarangani',false,'118600000','110000000','mindanao'),
  ('124701000','Alamada',false,'124700000','120000000','mindanao'),
  ('124702000','Carmen',false,'124700000','120000000','mindanao'),
  ('124703000','Kabacan',false,'124700000','120000000','mindanao'),
  ('124704000','City of Kidapawan',true,'124700000','120000000','mindanao'),
  ('124705000','Libungan',false,'124700000','120000000','mindanao'),
  ('124706000','Magpet',false,'124700000','120000000','mindanao'),
  ('124707000','Makilala',false,'124700000','120000000','mindanao'),
  ('124708000','Matalam',false,'124700000','120000000','mindanao'),
  ('124709000','Midsayap',false,'124700000','120000000','mindanao'),
  ('124710000','M''lang',false,'124700000','120000000','mindanao'),
  ('124711000','Pigkawayan',false,'124700000','120000000','mindanao'),
  ('124712000','Pikit',false,'124700000','120000000','mindanao'),
  ('124713000','President Roxas',false,'124700000','120000000','mindanao'),
  ('124714000','Tulunan',false,'124700000','120000000','mindanao'),
  ('124715000','Antipas',false,'124700000','120000000','mindanao'),
  ('124716000','Banisilan',false,'124700000','120000000','mindanao'),
  ('124717000','Aleosan',false,'124700000','120000000','mindanao'),
  ('124718000','Arakan',false,'124700000','120000000','mindanao'),
  ('126302000','Banga',false,'126300000','120000000','mindanao'),
  ('126303000','City of General Santos',true,'126300000','120000000','mindanao'),
  ('126306000','City of Koronadal',true,'126300000','120000000','mindanao'),
  ('126311000','Norala',false,'126300000','120000000','mindanao'),
  ('126312000','Polomolok',false,'126300000','120000000','mindanao'),
  ('126313000','Surallah',false,'126300000','120000000','mindanao'),
  ('126314000','Tampakan',false,'126300000','120000000','mindanao'),
  ('126315000','Tantangan',false,'126300000','120000000','mindanao'),
  ('126316000','T''boli',false,'126300000','120000000','mindanao'),
  ('126317000','Tupi',false,'126300000','120000000','mindanao'),
  ('126318000','Santo Niño',false,'126300000','120000000','mindanao'),
  ('126319000','Lake Sebu',false,'126300000','120000000','mindanao'),
  ('126501000','Bagumbayan',false,'126500000','120000000','mindanao'),
  ('126502000','Columbio',false,'126500000','120000000','mindanao'),
  ('126503000','Esperanza',false,'126500000','120000000','mindanao'),
  ('126504000','Isulan',false,'126500000','120000000','mindanao'),
  ('126505000','Kalamansig',false,'126500000','120000000','mindanao'),
  ('126506000','Lebak',false,'126500000','120000000','mindanao'),
  ('126507000','Lutayan',false,'126500000','120000000','mindanao'),
  ('126508000','Lambayong',false,'126500000','120000000','mindanao'),
  ('126509000','Palimbang',false,'126500000','120000000','mindanao'),
  ('126510000','President Quirino',false,'126500000','120000000','mindanao'),
  ('126511000','City of Tacurong',true,'126500000','120000000','mindanao'),
  ('126512000','Sen. Ninoy Aquino',false,'126500000','120000000','mindanao'),
  ('128001000','Alabel',false,'128000000','120000000','mindanao'),
  ('128002000','Glan',false,'128000000','120000000','mindanao'),
  ('128003000','Kiamba',false,'128000000','120000000','mindanao'),
  ('128004000','Maasim',false,'128000000','120000000','mindanao'),
  ('128005000','Maitum',false,'128000000','120000000','mindanao'),
  ('128006000','Malapatan',false,'128000000','120000000','mindanao'),
  ('128007000','Malungon',false,'128000000','120000000','mindanao'),
  ('133900000','City of Manila',true,null,'130000000','luzon'),
  ('137401000','City of Mandaluyong',true,null,'130000000','luzon'),
  ('137402000','City of Marikina',true,null,'130000000','luzon'),
  ('137403000','City of Pasig',true,null,'130000000','luzon'),
  ('137404000','Quezon City',true,null,'130000000','luzon'),
  ('137405000','City of San Juan',true,null,'130000000','luzon'),
  ('137501000','City of Caloocan',true,null,'130000000','luzon'),
  ('137502000','City of Malabon',true,null,'130000000','luzon'),
  ('137503000','City of Navotas',true,null,'130000000','luzon'),
  ('137504000','City of Valenzuela',true,null,'130000000','luzon'),
  ('137601000','City of Las Piñas',true,null,'130000000','luzon'),
  ('137602000','City of Makati',true,null,'130000000','luzon'),
  ('137603000','City of Muntinlupa',true,null,'130000000','luzon'),
  ('137604000','City of Parañaque',true,null,'130000000','luzon'),
  ('137605000','Pasay City',true,null,'130000000','luzon'),
  ('137606000','Pateros',false,null,'130000000','luzon'),
  ('137607000','City of Taguig',true,null,'130000000','luzon'),
  ('140101000','Bangued',false,'140100000','140000000','luzon'),
  ('140102000','Boliney',false,'140100000','140000000','luzon'),
  ('140103000','Bucay',false,'140100000','140000000','luzon'),
  ('140104000','Bucloc',false,'140100000','140000000','luzon'),
  ('140105000','Daguioman',false,'140100000','140000000','luzon'),
  ('140106000','Danglas',false,'140100000','140000000','luzon'),
  ('140107000','Dolores',false,'140100000','140000000','luzon'),
  ('140108000','La Paz',false,'140100000','140000000','luzon'),
  ('140109000','Lacub',false,'140100000','140000000','luzon'),
  ('140110000','Lagangilang',false,'140100000','140000000','luzon'),
  ('140111000','Lagayan',false,'140100000','140000000','luzon'),
  ('140112000','Langiden',false,'140100000','140000000','luzon'),
  ('140113000','Licuan-Baay',false,'140100000','140000000','luzon'),
  ('140114000','Luba',false,'140100000','140000000','luzon'),
  ('140115000','Malibcong',false,'140100000','140000000','luzon'),
  ('140116000','Manabo',false,'140100000','140000000','luzon'),
  ('140117000','Peñarrubia',false,'140100000','140000000','luzon'),
  ('140118000','Pidigan',false,'140100000','140000000','luzon'),
  ('140119000','Pilar',false,'140100000','140000000','luzon'),
  ('140120000','Sallapadan',false,'140100000','140000000','luzon'),
  ('140121000','San Isidro',false,'140100000','140000000','luzon'),
  ('140122000','San Juan',false,'140100000','140000000','luzon'),
  ('140123000','San Quintin',false,'140100000','140000000','luzon'),
  ('140124000','Tayum',false,'140100000','140000000','luzon'),
  ('140125000','Tineg',false,'140100000','140000000','luzon'),
  ('140126000','Tubo',false,'140100000','140000000','luzon'),
  ('140127000','Villaviciosa',false,'140100000','140000000','luzon'),
  ('141101000','Atok',false,'141100000','140000000','luzon'),
  ('141102000','City of Baguio',true,'141100000','140000000','luzon'),
  ('141103000','Bakun',false,'141100000','140000000','luzon'),
  ('141104000','Bokod',false,'141100000','140000000','luzon'),
  ('141105000','Buguias',false,'141100000','140000000','luzon'),
  ('141106000','Itogon',false,'141100000','140000000','luzon'),
  ('141107000','Kabayan',false,'141100000','140000000','luzon'),
  ('141108000','Kapangan',false,'141100000','140000000','luzon'),
  ('141109000','Kibungan',false,'141100000','140000000','luzon'),
  ('141110000','La Trinidad',false,'141100000','140000000','luzon'),
  ('141111000','Mankayan',false,'141100000','140000000','luzon'),
  ('141112000','Sablan',false,'141100000','140000000','luzon'),
  ('141113000','Tuba',false,'141100000','140000000','luzon'),
  ('141114000','Tublay',false,'141100000','140000000','luzon'),
  ('142701000','Banaue',false,'142700000','140000000','luzon'),
  ('142702000','Hungduan',false,'142700000','140000000','luzon'),
  ('142703000','Kiangan',false,'142700000','140000000','luzon'),
  ('142704000','Lagawe',false,'142700000','140000000','luzon'),
  ('142705000','Lamut',false,'142700000','140000000','luzon'),
  ('142706000','Mayoyao',false,'142700000','140000000','luzon'),
  ('142707000','Alfonso Lista',false,'142700000','140000000','luzon'),
  ('142708000','Aguinaldo',false,'142700000','140000000','luzon'),
  ('142709000','Hingyon',false,'142700000','140000000','luzon'),
  ('142710000','Tinoc',false,'142700000','140000000','luzon'),
  ('142711000','Asipulo',false,'142700000','140000000','luzon'),
  ('143201000','Balbalan',false,'143200000','140000000','luzon'),
  ('143206000','Lubuagan',false,'143200000','140000000','luzon'),
  ('143208000','Pasil',false,'143200000','140000000','luzon'),
  ('143209000','Pinukpuk',false,'143200000','140000000','luzon'),
  ('143211000','Rizal',false,'143200000','140000000','luzon'),
  ('143213000','City of Tabuk',true,'143200000','140000000','luzon'),
  ('143214000','Tanudan',false,'143200000','140000000','luzon'),
  ('143215000','Tinglayan',false,'143200000','140000000','luzon'),
  ('144401000','Barlig',false,'144400000','140000000','luzon'),
  ('144402000','Bauko',false,'144400000','140000000','luzon'),
  ('144403000','Besao',false,'144400000','140000000','luzon'),
  ('144404000','Bontoc',false,'144400000','140000000','luzon'),
  ('144405000','Natonin',false,'144400000','140000000','luzon'),
  ('144406000','Paracelis',false,'144400000','140000000','luzon'),
  ('144407000','Sabangan',false,'144400000','140000000','luzon'),
  ('144408000','Sadanga',false,'144400000','140000000','luzon'),
  ('144409000','Sagada',false,'144400000','140000000','luzon'),
  ('144410000','Tadian',false,'144400000','140000000','luzon'),
  ('148101000','Calanasan',false,'148100000','140000000','luzon'),
  ('148102000','Conner',false,'148100000','140000000','luzon'),
  ('148103000','Flora',false,'148100000','140000000','luzon'),
  ('148104000','Kabugao',false,'148100000','140000000','luzon'),
  ('148105000','Luna',false,'148100000','140000000','luzon'),
  ('148106000','Pudtol',false,'148100000','140000000','luzon'),
  ('148107000','Santa Marcela',false,'148100000','140000000','luzon'),
  ('160201000','Buenavista',false,'160200000','160000000','mindanao'),
  ('160202000','City of Butuan',true,'160200000','160000000','mindanao'),
  ('160203000','City of Cabadbaran',true,'160200000','160000000','mindanao'),
  ('160204000','Carmen',false,'160200000','160000000','mindanao'),
  ('160205000','Jabonga',false,'160200000','160000000','mindanao'),
  ('160206000','Kitcharao',false,'160200000','160000000','mindanao'),
  ('160207000','Las Nieves',false,'160200000','160000000','mindanao'),
  ('160208000','Magallanes',false,'160200000','160000000','mindanao'),
  ('160209000','Nasipit',false,'160200000','160000000','mindanao'),
  ('160210000','Santiago',false,'160200000','160000000','mindanao'),
  ('160211000','Tubay',false,'160200000','160000000','mindanao'),
  ('160212000','Remedios T. Romualdez',false,'160200000','160000000','mindanao'),
  ('160301000','City of Bayugan',true,'160300000','160000000','mindanao'),
  ('160302000','Bunawan',false,'160300000','160000000','mindanao'),
  ('160303000','Esperanza',false,'160300000','160000000','mindanao'),
  ('160304000','La Paz',false,'160300000','160000000','mindanao'),
  ('160305000','Loreto',false,'160300000','160000000','mindanao'),
  ('160306000','Prosperidad',false,'160300000','160000000','mindanao'),
  ('160307000','Rosario',false,'160300000','160000000','mindanao'),
  ('160308000','San Francisco',false,'160300000','160000000','mindanao'),
  ('160309000','San Luis',false,'160300000','160000000','mindanao'),
  ('160310000','Santa Josefa',false,'160300000','160000000','mindanao'),
  ('160311000','Talacogon',false,'160300000','160000000','mindanao'),
  ('160312000','Trento',false,'160300000','160000000','mindanao'),
  ('160313000','Veruela',false,'160300000','160000000','mindanao'),
  ('160314000','Sibagat',false,'160300000','160000000','mindanao'),
  ('166701000','Alegria',false,'166700000','160000000','mindanao'),
  ('166702000','Bacuag',false,'166700000','160000000','mindanao'),
  ('166704000','Burgos',false,'166700000','160000000','mindanao'),
  ('166706000','Claver',false,'166700000','160000000','mindanao'),
  ('166707000','Dapa',false,'166700000','160000000','mindanao'),
  ('166708000','Del Carmen',false,'166700000','160000000','mindanao'),
  ('166710000','General Luna',false,'166700000','160000000','mindanao'),
  ('166711000','Gigaquit',false,'166700000','160000000','mindanao'),
  ('166714000','Mainit',false,'166700000','160000000','mindanao'),
  ('166715000','Malimono',false,'166700000','160000000','mindanao'),
  ('166716000','Pilar',false,'166700000','160000000','mindanao'),
  ('166717000','Placer',false,'166700000','160000000','mindanao'),
  ('166718000','San Benito',false,'166700000','160000000','mindanao'),
  ('166719000','San Francisco',false,'166700000','160000000','mindanao'),
  ('166720000','San Isidro',false,'166700000','160000000','mindanao'),
  ('166721000','Santa Monica',false,'166700000','160000000','mindanao'),
  ('166722000','Sison',false,'166700000','160000000','mindanao'),
  ('166723000','Socorro',false,'166700000','160000000','mindanao'),
  ('166724000','City of Surigao',true,'166700000','160000000','mindanao'),
  ('166725000','Tagana-An',false,'166700000','160000000','mindanao'),
  ('166727000','Tubod',false,'166700000','160000000','mindanao'),
  ('166801000','Barobo',false,'166800000','160000000','mindanao'),
  ('166802000','Bayabas',false,'166800000','160000000','mindanao'),
  ('166803000','City of Bislig',true,'166800000','160000000','mindanao'),
  ('166804000','Cagwait',false,'166800000','160000000','mindanao'),
  ('166805000','Cantilan',false,'166800000','160000000','mindanao'),
  ('166806000','Carmen',false,'166800000','160000000','mindanao'),
  ('166807000','Carrascal',false,'166800000','160000000','mindanao'),
  ('166808000','Cortes',false,'166800000','160000000','mindanao'),
  ('166809000','Hinatuan',false,'166800000','160000000','mindanao'),
  ('166810000','Lanuza',false,'166800000','160000000','mindanao'),
  ('166811000','Lianga',false,'166800000','160000000','mindanao'),
  ('166812000','Lingig',false,'166800000','160000000','mindanao'),
  ('166813000','Madrid',false,'166800000','160000000','mindanao'),
  ('166814000','Marihatag',false,'166800000','160000000','mindanao'),
  ('166815000','San Agustin',false,'166800000','160000000','mindanao'),
  ('166816000','San Miguel',false,'166800000','160000000','mindanao'),
  ('166817000','Tagbina',false,'166800000','160000000','mindanao'),
  ('166818000','Tago',false,'166800000','160000000','mindanao'),
  ('166819000','City of Tandag',true,'166800000','160000000','mindanao'),
  ('168501000','Basilisa',false,'168500000','160000000','mindanao'),
  ('168502000','Cagdianao',false,'168500000','160000000','mindanao'),
  ('168503000','Dinagat',false,'168500000','160000000','mindanao'),
  ('168504000','Libjo',false,'168500000','160000000','mindanao'),
  ('168505000','Loreto',false,'168500000','160000000','mindanao'),
  ('168506000','San Jose',false,'168500000','160000000','mindanao'),
  ('168507000','Tubajon',false,'168500000','160000000','mindanao'),
  ('150702000','City of Lamitan',true,'150700000','150000000','mindanao'),
  ('150703000','Lantawan',false,'150700000','150000000','mindanao'),
  ('150704000','Maluso',false,'150700000','150000000','mindanao'),
  ('150705000','Sumisip',false,'150700000','150000000','mindanao'),
  ('150706000','Tipo-Tipo',false,'150700000','150000000','mindanao'),
  ('150707000','Tuburan',false,'150700000','150000000','mindanao'),
  ('150708000','Akbar',false,'150700000','150000000','mindanao'),
  ('150709000','Al-Barka',false,'150700000','150000000','mindanao'),
  ('150710000','Hadji Mohammad Ajul',false,'150700000','150000000','mindanao'),
  ('150711000','Ungkaya Pukan',false,'150700000','150000000','mindanao'),
  ('150712000','Hadji Muhtamad',false,'150700000','150000000','mindanao'),
  ('150713000','Tabuan-Lasa',false,'150700000','150000000','mindanao'),
  ('153601000','Bacolod-Kalawi',false,'153600000','150000000','mindanao'),
  ('153602000','Balabagan',false,'153600000','150000000','mindanao'),
  ('153603000','Balindong',false,'153600000','150000000','mindanao'),
  ('153604000','Bayang',false,'153600000','150000000','mindanao'),
  ('153605000','Binidayan',false,'153600000','150000000','mindanao'),
  ('153606000','Bubong',false,'153600000','150000000','mindanao'),
  ('153607000','Butig',false,'153600000','150000000','mindanao'),
  ('153609000','Ganassi',false,'153600000','150000000','mindanao'),
  ('153610000','Kapai',false,'153600000','150000000','mindanao'),
  ('153611000','Lumba-Bayabao',false,'153600000','150000000','mindanao'),
  ('153612000','Lumbatan',false,'153600000','150000000','mindanao'),
  ('153613000','Madalum',false,'153600000','150000000','mindanao'),
  ('153614000','Madamba',false,'153600000','150000000','mindanao'),
  ('153615000','Malabang',false,'153600000','150000000','mindanao'),
  ('153616000','Marantao',false,'153600000','150000000','mindanao'),
  ('153617000','City of Marawi',true,'153600000','150000000','mindanao'),
  ('153618000','Masiu',false,'153600000','150000000','mindanao'),
  ('153619000','Mulondo',false,'153600000','150000000','mindanao'),
  ('153620000','Pagayawan',false,'153600000','150000000','mindanao'),
  ('153621000','Piagapo',false,'153600000','150000000','mindanao'),
  ('153622000','Poona Bayabao',false,'153600000','150000000','mindanao'),
  ('153623000','Pualas',false,'153600000','150000000','mindanao'),
  ('153624000','Ditsaan-Ramain',false,'153600000','150000000','mindanao'),
  ('153625000','Saguiaran',false,'153600000','150000000','mindanao'),
  ('153626000','Tamparan',false,'153600000','150000000','mindanao'),
  ('153627000','Taraka',false,'153600000','150000000','mindanao'),
  ('153628000','Tubaran',false,'153600000','150000000','mindanao'),
  ('153629000','Tugaya',false,'153600000','150000000','mindanao'),
  ('153630000','Wao',false,'153600000','150000000','mindanao'),
  ('153631000','Marogong',false,'153600000','150000000','mindanao'),
  ('153632000','Calanogas',false,'153600000','150000000','mindanao'),
  ('153633000','Buadiposo-Buntong',false,'153600000','150000000','mindanao'),
  ('153634000','Maguing',false,'153600000','150000000','mindanao'),
  ('153635000','Picong',false,'153600000','150000000','mindanao'),
  ('153636000','Lumbayanague',false,'153600000','150000000','mindanao'),
  ('153637000','Amai Manabilang',false,'153600000','150000000','mindanao'),
  ('153638000','Tagoloan Ii',false,'153600000','150000000','mindanao'),
  ('153639000','Kapatagan',false,'153600000','150000000','mindanao'),
  ('153640000','Sultan Dumalondong',false,'153600000','150000000','mindanao'),
  ('153641000','Lumbaca-Unayan',false,'153600000','150000000','mindanao'),
  ('153801000','Ampatuan',false,'153800000','150000000','mindanao'),
  ('153802000','Buldon',false,'153800000','150000000','mindanao'),
  ('153803000','Buluan',false,'153800000','150000000','mindanao'),
  ('129804000','City of Cotabato',true,null,'120000000','mindanao'),
  ('153805000','Datu Paglas',false,'153800000','150000000','mindanao'),
  ('153806000','Datu Piang',false,'153800000','150000000','mindanao'),
  ('153807000','Datu Odin Sinsuat',false,'153800000','150000000','mindanao'),
  ('153808000','Shariff Aguak',false,'153800000','150000000','mindanao'),
  ('153809000','Matanog',false,'153800000','150000000','mindanao'),
  ('153810000','Pagalungan',false,'153800000','150000000','mindanao'),
  ('153811000','Parang',false,'153800000','150000000','mindanao'),
  ('153812000','Sultan Kudarat',false,'153800000','150000000','mindanao'),
  ('153813000','Sultan Sa Barongis',false,'153800000','150000000','mindanao'),
  ('153814000','Kabuntalan',false,'153800000','150000000','mindanao'),
  ('153815000','Upi',false,'153800000','150000000','mindanao'),
  ('153816000','Talayan',false,'153800000','150000000','mindanao'),
  ('153817000','South Upi',false,'153800000','150000000','mindanao'),
  ('153818000','Barira',false,'153800000','150000000','mindanao'),
  ('153819000','Gen. s.k. Pendatun',false,'153800000','150000000','mindanao'),
  ('153820000','Mamasapano',false,'153800000','150000000','mindanao'),
  ('153821000','Talitay',false,'153800000','150000000','mindanao'),
  ('153822000','Pagagawan',false,'153800000','150000000','mindanao'),
  ('153823000','Paglat',false,'153800000','150000000','mindanao'),
  ('153824000','Sultan Mastura',false,'153800000','150000000','mindanao'),
  ('153825000','Guindulungan',false,'153800000','150000000','mindanao'),
  ('153826000','Datu Saudi-Ampatuan',false,'153800000','150000000','mindanao'),
  ('153827000','Datu Unsay',false,'153800000','150000000','mindanao'),
  ('153828000','Datu Abdullah Sangki',false,'153800000','150000000','mindanao'),
  ('153829000','Rajah Buayan',false,'153800000','150000000','mindanao'),
  ('153830000','Datu Blah T. Sinsuat',false,'153800000','150000000','mindanao'),
  ('153831000','Datu Anggal Midtimbang',false,'153800000','150000000','mindanao'),
  ('153832000','Mangudadatu',false,'153800000','150000000','mindanao'),
  ('153833000','Pandag',false,'153800000','150000000','mindanao'),
  ('153834000','Northern Kabuntalan',false,'153800000','150000000','mindanao'),
  ('153835000','Datu Hoffer Ampatuan',false,'153800000','150000000','mindanao'),
  ('153836000','Datu Salibo',false,'153800000','150000000','mindanao'),
  ('153837000','Shariff Saydona Mustapha',false,'153800000','150000000','mindanao'),
  ('156601000','Indanan',false,'156600000','150000000','mindanao'),
  ('156602000','Jolo',false,'156600000','150000000','mindanao'),
  ('156603000','Kalingalan Caluang',false,'156600000','150000000','mindanao'),
  ('156604000','Luuk',false,'156600000','150000000','mindanao'),
  ('156605000','Maimbung',false,'156600000','150000000','mindanao'),
  ('156606000','Hadji Panglima Tahil',false,'156600000','150000000','mindanao'),
  ('156607000','Old Panamao',false,'156600000','150000000','mindanao'),
  ('156608000','Pangutaran',false,'156600000','150000000','mindanao'),
  ('156609000','Parang',false,'156600000','150000000','mindanao'),
  ('156610000','Pata',false,'156600000','150000000','mindanao'),
  ('156611000','Patikul',false,'156600000','150000000','mindanao'),
  ('156612000','Siasi',false,'156600000','150000000','mindanao'),
  ('156613000','Talipao',false,'156600000','150000000','mindanao'),
  ('156614000','Tapul',false,'156600000','150000000','mindanao'),
  ('156615000','Tongkil',false,'156600000','150000000','mindanao'),
  ('156616000','Panglima Estino',false,'156600000','150000000','mindanao'),
  ('156617000','Lugus',false,'156600000','150000000','mindanao'),
  ('156618000','Pandami',false,'156600000','150000000','mindanao'),
  ('156619000','Omar',false,'156600000','150000000','mindanao'),
  ('157001000','Panglima Sugala',false,'157000000','150000000','mindanao'),
  ('157002000','Bongao',false,'157000000','150000000','mindanao'),
  ('157003000','Mapun',false,'157000000','150000000','mindanao'),
  ('157004000','Simunul',false,'157000000','150000000','mindanao'),
  ('157005000','Sitangkai',false,'157000000','150000000','mindanao'),
  ('157006000','South Ubian',false,'157000000','150000000','mindanao'),
  ('157007000','Tandubas',false,'157000000','150000000','mindanao'),
  ('157008000','Turtle Islands',false,'157000000','150000000','mindanao'),
  ('157009000','Languyan',false,'157000000','150000000','mindanao'),
  ('157010000','Sapa-Sapa',false,'157000000','150000000','mindanao'),
  ('157011000','Sibutu',false,'157000000','150000000','mindanao')
on conflict (code) do update set name=excluded.name, is_city=excluded.is_city, province_code=excluded.province_code, region_code=excluded.region_code, island_group_code=excluded.island_group_code;
